38,1,26,1,37,1,1,1,37,1,1,1,1,1,1,1
48,11,37,11,38,11,26,11,38,26,11,11,11,11,11,11
91,15,44,15,48,15,37,15,44,37,15,15,15,15,15,15
7717,7723,56,26,56,26,44,26,48,38,26,26,26,26,26,26
7742,7754,7740,44,91,7723,56,38,56,44,37,38,37,37,37,37
138,108,139,7740,7717,7740,91,48,91,48,44,48,44,38,38,38
149,130,144,7754,7742,7754,7717,7723,7717,56,56,91,48,44,44,44
173,7757,7794,108,138,108,7740,7740,7723,91,7723,7717,56,56,48,48
7787,7788,7797,130,144,130,7742,7754,7742,7717,7740,7723,91,7717,56,56
7799,7790,7802,139,149,139,130,108,138,7740,7742,7740,7717,7723,91,91
187,206,188,7757,173,7757,139,130,144,7742,7754,7754,7740,7740,7723,7717
192,209,191,7790,7787,7788,144,138,149,130,108,108,7742,7742,7740,7723
254,222,194,7797,7794,7790,149,139,173,138,130,130,7754,7754,7754,7740
7820,232,197,7802,7799,7797,7787,173,7787,139,139,138,108,108,108,7742
7837,7826,7829,188,187,188,7794,7757,7788,144,144,139,130,130,130,7754
257,267,282,194,191,206,7797,7788,7794,149,7757,149,138,139,138,108
261,273,285,206,192,209,7799,7790,7799,173,7787,173,139,144,139,130
262,286,288,209,197,222,7802,7797,7802,7787,7788,7757,144,173,144,138
7868,296,294,222,254,232,188,187,187,7794,7790,7788,149,7757,149,139
7872,300,299,232,7820,7826,191,188,191,7797,7794,7790,7757,7787,173,144
319,320,305,7829,7837,7829,192,206,192,7799,7797,7797,7787,7788,7757,149
333,345,315,267,257,267,194,209,194,7802,7802,7799,7790,7790,7788,173
7877,7878,324,282,261,273,197,222,197,187,188,187,7794,7794,7790,7757
7885,7881,326,286,262,282,222,232,254,188,191,188,7797,7797,7794,7787
7898,7889,338,288,285,286,254,7826,7820,191,194,192,7799,7799,7797,7788
358,354,360,296,294,296,7820,7829,7826,192,197,206,7802,7802,7802,7790
369,362,371,299,7868,299,7829,7837,7837,194,206,209,188,187,187,7794
379,366,372,300,7872,300,257,261,257,197,209,222,191,188,188,7797
395,374,7910,305,319,305,262,267,261,222,222,232,192,191,191,7799
409,389,7917,315,326,315,282,273,262,254,232,7820,194,192,194,7802
422,419,417,324,333,320,285,282,273,7820,254,7826,197,194,197,187
432,456,443,345,338,345,288,286,285,7829,7826,7829,206,197,206,188
438,466,467,7878,7877,7878,294,296,288,7837,7829,7837,209,206,209,191
444,7923,7926,7881,7885,7881,296,299,294,257,257,261,222,209,222,192
447,7937,7934,7889,7898,7889,299,300,7868,261,267,262,232,222,232,194
482,489,483,354,358,354,7868,7872,7872,262,273,267,254,232,7820,197
499,492,490,366,360,362,305,305,319,282,282,273,7820,254,7826,206
502,496,494,371,369,366,315,315,320,285,285,282,7829,7826,7829,209
7940,506,504,372,379,371,324,319,324,288,286,286,7837,7829,7837,222
7947,7944,527,374,395,372,326,320,326,294,288,296,257,257,261,232
530,529,542,389,409,374,338,333,333,296,294,299,262,261,267,254
531,536,545,7917,7910,389,7877,345,338,299,296,300,267,262,273,7820
534,550,557,417,422,417,7881,7878,7877,7868,299,7868,282,267,282,7826
535,558,7951,419,432,419,7885,7881,7885,7872,300,7872,285,273,285,7829
7953,7958,7956,466,438,456,7898,7889,7898,305,305,305,286,282,286,7837
593,562,561,467,443,466,354,354,358,315,315,315,288,285,288,257
7962,579,592,7923,444,467,360,358,360,319,320,319,294,286,294,261
7981,585,7974,7926,447,7923,369,362,362,324,324,320,296,288,296,262
7986,7966,7975,7937,7934,7937,371,366,369,326,326,333,299,294,299,267
7987,7976,7983,483,482,483,372,371,379,333,338,345,300,296,300,273
777,881,623,489,490,489,395,372,395,338,345,7878,7868,299,7868,282
919,921,868,494,499,492,409,374,409,7877,7877,7881,7872,300,7872,285
995,8114,977,496,502,494,7910,379,7910,7881,7878,7885,305,305,305,286
1005,8164,1132,506,504,496,7917,389,7917,7885,7881,7889,315,315,315,288
8296,8322,8128,527,7940,506,417,417,422,7898,7889,7898,319,320,319,294
1205,1162,1234,7944,7947,7944,422,419,432,354,354,354,324,324,320,296
1238,1201,1256,529,530,529,443,432,438,358,360,358,326,326,324,299
1244,1222,8384,536,531,536,444,438,443,360,362,362,338,333,326,300
8360,1225,8409,542,534,542,447,456,444,369,366,366,345,338,333,7868
8377,8380,8412,550,535,550,466,466,447,371,371,369,7877,345,338,7872
1277,1296,1276,7951,545,558,467,467,456,372,372,371,7878,7877,345,305
1355,1333,1386,7956,557,7956,7926,7923,7926,379,374,372,7881,7878,7878,315
8451,1393,1392,7958,7953,7958,7934,7937,7934,395,389,374,7885,7881,7881,319
8466,1436,8479,579,561,562,483,482,482,409,409,379,7889,7885,7889,320
8537,8529,8508,585,592,579,490,483,490,7910,7910,389,7898,7889,7898,324
1582,1514,1573,7966,593,585,494,489,492,7917,7917,395,354,354,354,326
1597,1587,1596,7974,7962,7966,502,492,499,417,417,417,358,360,358,333
8551,8569,1639,7975,7981,7975,504,494,502,422,419,419,360,362,360,338
8599,8624,1664,7976,7986,7976,527,496,504,432,443,422,366,366,362,345
8603,8634,8606,7983,7987,7983,7940,499,527,438,444,432,369,369,366,7877
1796,1734,1756,623,777,623,7944,506,7940,443,456,438,371,371,371,7878
1802,1828,1762,881,868,881,7947,7944,7947,444,466,447,372,372,372,7881
1839,8710,1804,921,919,921,529,529,530,447,467,456,374,374,374,7885
8915,8734,1996,977,995,977,530,531,531,466,7923,466,389,379,379,7889
8916,8763,2044,1132,1005,8114,534,535,534,467,7926,467,395,389,389,7898
2125,2145,2137,8114,8128,8164,542,536,535,7926,7934,7923,409,409,395,354
2158,2164,2146,8322,8296,8322,545,542,545,7934,7937,7937,7910,7910,7910,358
2178,8968,2157,1201,1205,1162,557,550,557,482,483,482,7917,7917,7917,360
2184,8972,2186,1222,1238,1201,7951,558,558,483,489,483,417,417,417,362
8990,9000,8976,1225,1244,1222,7953,7956,7951,490,490,489,419,419,419,366
2210,2208,2225,1234,1256,1225,7956,7958,7953,494,492,492,422,438,422,369
2266,2298,2237,8380,8360,8380,561,562,561,499,494,494,432,443,432,371
2277,9010,9009,8384,8377,8384,585,579,562,502,496,496,443,444,438,372
9070,9012,9021,8409,8412,8409,592,585,592,504,504,499,444,447,443,374
9077,9049,9050,1276,1277,1296,7962,593,593,527,506,502,447,456,456,379
2462,2396,2387,1296,1355,1333,7974,7966,7962,7940,527,506,466,466,466,389
2483,2511,2484,1333,1392,1386,7975,7975,7974,7944,7940,7944,467,467,467,395
9139,9099,9128,1386,8451,1393,7981,7976,7981,7947,7944,7947,7923,7923,7923,409
9171,9130,9160,1393,8466,1436,7983,7983,7986,529,529,529,7926,7926,7926,7910
9174,9177,9169,8508,8479,8508,7987,7986,7987,530,530,531,7934,7934,7934,7917
2664,2563,2599,8529,8537,8529,623,623,777,531,536,534,7937,7937,7937,417
9206,2680,2603,1514,1582,1514,777,881,868,534,542,535,482,483,482,419
9298,2814,2655,1573,1597,1587,868,921,919,535,545,536,483,489,483,422
9353,9238,9312,1587,1639,1596,919,977,995,542,550,542,489,490,489,432
9398,9327,9408,1596,1664,8569,921,995,1005,545,557,550,490,492,490,438
2836,2882,2839,8569,8551,8606,977,1005,1132,557,558,558,494,494,492,443
2906,2889,2845,8606,8599,8624,1132,8114,8128,7951,7951,7953,496,496,494,444
2907,2893,2855,8624,8603,8634,8128,8164,8164,7953,7956,7956,502,499,496,447
9445,9440,2856,1734,1796,1734,8296,8322,8296,7956,7958,7958,504,504,499,456
9446,9456,2910,1756,1802,1756,1201,1162,1162,561,561,562,506,506,502,466
2919,2954,2964,1762,1804,1762,1205,1201,1205,585,562,579,527,527,504,467
2936,2962,3001,1828,1839,1828,1234,1222,1234,592,579,585,7940,7940,506,7923
2990,2980,9472,2044,1996,8710,1238,1225,1238,593,585,593,7944,7944,527,7926
2993,3002,9482,8710,8915,8734,1244,8360,1244,7962,592,7966,7947,7947,7944,7934
9471,9488,9489,8763,8916,8763,1256,8377,1256,7974,7962,7975,529,529,529,7937
3027,9520,3018,2137,2125,2137,8384,8380,8360,7975,7966,7976,530,530,531,482
3219,9524,3046,2145,2146,2145,8409,8384,8377,7981,7974,7981,534,531,535,483
9519,9589,3145,2157,2158,2164,8412,8409,8412,7983,7975,7983,535,534,536,489
9521,9590,3212,2164,2178,8968,1276,1296,1276,7986,7976,7986,536,536,542,490
9546,9610,9579,8972,2184,8972,1277,1333,1277,7987,7983,7987,542,542,545,492
3239,3293,3334,8976,2186,8976,1333,1355,1355,623,623,623,545,545,550,494
3269,3318,9636,9000,8990,9000,1386,1386,1392,777,868,777,550,550,557,496
3281,3324,9651,2237,2210,2208,1392,1393,1436,868,881,881,557,557,558,499
3312,3350,9656,2298,2225,2237,8466,1436,8451,919,921,919,7951,558,7951,502
3347,3363,9684,9009,2266,2298,8479,8451,8466,921,977,921,7953,7951,7953,504
3398,3544,3539,9010,2277,9009,8508,8508,8479,977,1132,977,7956,7956,7956,506
3598,3588,3579,9012,9021,9010,8537,8529,8537,995,8114,995,7958,7958,7958,527
3618,9772,9745,9049,9070,9012,1573,1514,1573,1005,8128,1005,561,561,561,7940
3655,9904,9760,9050,9077,9049,1587,1582,1582,1132,8164,8114,579,562,562,7944
9762,9915,9907,2387,2462,2387,1596,1587,1597,8128,8296,8164,585,579,579,7947
3797,3786,3962,2396,2483,2396,1597,1596,1639,8296,8322,8322,592,585,585,529
3876,3938,9954,2484,9128,2511,1639,8569,1664,1201,1162,1162,7962,592,592,530
4058,4009,10069,2511,9139,9099,1664,8599,8551,1205,1201,1201,7966,593,593,531
9958,4014,10084,9099,9160,9130,8551,8606,8599,1234,1205,1222,7974,7962,7966,534
10012,9960,10096,9130,9171,9169,8603,8624,8603,1238,1222,1225,7975,7966,7974,535
4116,4134,4138,9169,9174,9177,8606,8634,8634,1244,1225,1238,7976,7974,7975,536
4145,4171,4239,2599,2603,2563,1734,1734,1796,1256,1234,1244,7981,7975,7976,542
4147,4244,4269,2655,2664,2599,1756,1756,1802,8360,1256,8360,7983,7976,7983,545
4241,4253,10169,2680,9206,2655,1762,1762,1804,8377,8380,8377,7986,7981,7986,550
10164,10144,10191,2814,9298,2680,1804,1796,1839,8384,8384,8380,7987,7983,7987,557
4278,4276,4273,9238,9312,2814,1839,1802,1996,8409,8409,8384,623,623,623,558
4295,4294,4285,9327,9353,9238,1996,1828,2044,8412,8412,8409,777,777,868,7951
4296,4297,4287,9408,9398,9327,2044,8710,8734,1276,1276,1277,868,868,881,7953
4301,4306,4292,2839,2836,2839,8915,8734,8915,1277,1296,1296,881,881,919,7956
4302,4307,4298,2856,2845,2856,8916,8763,8916,1333,1333,1333,919,921,921,7958
4324,4390,4370,2882,2855,2882,2125,2137,2125,1355,1386,1355,921,977,977,561
4353,4651,4451,2893,2906,2889,2137,2145,2146,1386,1392,1386,977,1005,995,562
4470,4665,4570,2910,2907,2893,2145,2158,2157,1392,1393,1393,995,1132,1005,579
10298,4696,10411,9440,9445,9440,2146,2164,2158,8451,1436,1436,1132,8114,1132,585
10322,10347,10446,9456,9446,9456,2157,2178,2178,8466,8466,8451,8114,8128,8114,592
4798,4793,4784,2954,2919,2954,2184,8968,2184,8479,8479,8508,8128,8164,8128,593
4997,4906,4961,2962,2936,2962,2186,8972,2186,8508,8508,8529,8296,8296,8164,7962
5037,10464,5008,2964,2990,2980,8976,8976,8968,8537,8529,8537,8322,8322,8322,7966
10477,10485,10476,3001,2993,3001,8990,9000,8990,1573,1514,1514,1201,1162,1162,7974
10617,10502,10631,3002,9471,3002,2210,2208,2208,1582,1573,1582,1205,1201,1201,7975
5133,5042,5179,9472,9482,9472,2225,2237,2210,1587,1587,1587,1222,1205,1222,7976
5134,5155,5206,9488,9489,9488,2237,2266,2225,1596,1596,1596,1225,1222,1225,7981
5189,10688,5234,3018,3027,3018,2277,2298,2266,1597,1639,1597,1234,1225,1234,7983
5303,10755,10706,3046,3145,9520,9009,9009,2277,1639,1664,8569,1238,1234,1238,7986
5349,10799,10761,9520,3212,9524,9010,9010,9021,1664,8551,8599,1244,1244,1256,7987
5365,5359,5355,9579,3219,9579,9021,9012,9050,8551,8569,8603,1256,1256,8360,623
5420,5373,5357,9589,9519,9589,9050,9049,9070,8599,8606,8606,8360,8377,8377,777
10861,5403,5392,9590,9521,9590,9077,9070,9077,8603,8624,8624,8380,8380,8380,868
10886,5424,10858,9610,9546,9610,2387,2387,2462,8606,8634,8634,8384,8384,8384,881
10890,10851,10862,3293,3239,3293,2483,2396,2483,1734,1734,1734,8409,8409,8409,919
5455,5484,5462,3318,3269,3318,2484,2462,2484,1756,1756,1756,8412,8412,8412,921
5466,5497,5483,3324,3281,3324,9128,2511,9128,1762,1762,1762,1276,1276,1276,977
5485,10925,5489,3334,3312,3334,9130,9099,9139,1796,1804,1796,1277,1296,1277,995
5499,10930,5492,3363,3347,3350,9139,9130,9160,1802,1828,1802,1296,1333,1296,1005
5522,10967,5520,9636,9651,3363,9160,9169,9171,1804,1839,1828,1333,1386,1333,1132
5572,5535,5552,9656,9684,9656,9169,9174,9174,1839,1996,8710,1355,1392,1355,8114
5577,10991,5583,3539,3398,3539,9171,9177,9177,1996,2044,8734,1386,1393,1386,8128
5578,10992,5585,3544,3598,3544,2599,2563,2563,2044,8710,8763,1392,1436,1392,8164
10970,10999,5590,3579,3618,3588,2603,2599,2603,8915,8734,8915,1393,8451,1393,8296
10974,11002,10994,9772,3655,9772,2655,2655,2664,8916,8763,8916,8466,8466,1436,8322
5603,5601,5609,9904,9745,9904,2664,2680,9206,2125,2137,2125,8479,8479,8451,1162
5604,5606,5611,9907,9760,9907,2814,2814,9298,2137,2145,2137,8508,8508,8479,1201
5608,5607,5615,9915,9762,9915,9206,9238,9312,2145,2146,2145,8529,8529,8508,1205
5660,5629,5625,3786,3797,3786,9312,9298,9353,2146,2157,2158,8537,8537,8529,1222
5661,5655,5667,3938,3876,3938,9353,9327,9398,2157,2164,2164,1514,1514,1514,1225
5678,5692,5687,3962,4058,3962,9408,9398,9408,2158,2184,2178,1573,1573,1573,1234
5679,5704,5732,4009,9958,4009,2839,2836,2836,2178,2186,8968,1582,1587,1582,1238
5733,5740,11048,9954,10012,4014,2845,2839,2845,2184,8968,8972,1587,1596,1587,1244
11031,11027,11050,9960,10069,9960,2855,2856,2855,2186,8972,8976,1596,1639,1596,1256
11044,11035,11058,10096,10084,10096,2856,2882,2889,8976,8976,8990,1597,1664,1597,8360
5744,5755,5741,4134,4116,4134,2906,2889,2906,8990,9000,9000,1639,8551,1639,8377
5761,5760,5745,4138,4145,4138,2910,2893,2907,2210,2208,2208,1664,8569,1664,8380
5774,5767,5757,4171,4147,4171,9440,2907,2910,2225,2225,2210,8551,8599,8569,8384
5775,5780,5768,4244,4239,4244,9445,9440,9445,2237,2237,2237,8569,8603,8599,8409
5778,5788,5776,4253,4241,4253,9446,9456,9446,2266,2298,2266,8603,8606,8606,8412
5828,5897,5836,10169,4269,10144,2919,2954,2919,2277,9009,2277,8606,8624,8624,1276
5915,11089,11093,10191,10164,10169,2936,2962,2936,9009,9010,2298,8624,8634,8634,1277
5919,11112,11150,4273,4278,4273,2964,2980,2964,9010,9012,9009,1734,1734,1734,1296
11099,11122,11162,4276,4285,4276,2993,2990,2980,9021,9021,9010,1756,1756,1756,1333
11121,11156,11191,4287,4292,4294,3001,3001,2990,9050,9049,9012,1762,1762,1762,1355
5957,5962,5954,4297,4295,4297,9472,3002,2993,9070,9050,9049,1796,1802,1796,1386
5961,5963,5955,4298,4296,4298,9482,9471,9471,9077,9077,9070,1804,1804,1802,1392
5972,5966,5964,4306,4301,4306,9488,9472,9482,2387,2387,2387,1828,1828,1804,1393
5981,5971,11220,4307,4302,4307,9489,9488,9489,2462,2396,2396,1839,1839,1828,1436
5984,5986,11223,4370,4324,4390,3018,3018,3027,2483,2484,2462,1996,1996,1996,8451
6011,6017,6015,4390,4353,4451,3027,3219,3046,2484,2511,2483,2044,2044,2044,8466
6028,11235,6021,4451,4470,4651,3046,9519,3145,9128,9099,2511,8710,8710,8710,8479
6054,11240,6027,4651,4570,4665,3145,9520,3212,9130,9128,9099,8763,8734,8734,8508
11239,11249,6029,4665,10298,4696,3212,9524,3219,9139,9130,9130,8915,8763,8763,8529
11255,11262,6033,4696,10322,10347,9520,9579,9519,9160,9160,9139,8916,8916,8915,8537
6066,6098,6057,10446,10411,10446,9521,9589,9521,9169,9169,9169,2125,2125,2137,1514
6070,11287,6084,4793,4784,4793,9546,9590,9524,9171,9171,9174,2137,2137,2145,1573
6094,11291,11293,4961,4798,4906,9579,9610,9546,9174,9177,9177,2145,2145,2146,1582
11312,11294,11295,5008,4997,4961,3269,3239,3239,2599,2563,2563,2146,2146,2157,1587
11319,11314,11302,10464,5037,10464,3281,3293,3269,2603,2599,2599,2157,2157,2158,1596
6173,6119,6125,10476,10477,10476,3334,3312,3281,2655,2603,2655,2158,2164,2164,1597
6206,6182,6233,10485,10617,10485,3347,3318,3312,2664,2655,2664,2164,2178,2178,1639
11336,6252,6270,10502,10631,10502,3363,3324,3347,2814,2680,2680,2184,2184,2186,1664
11463,11421,11362,5042,5133,5042,9636,3334,3350,9206,2814,2814,2186,2186,8968,8551
11494,11448,11408,5155,5134,5155,9651,3350,9636,9298,9238,9206,8972,8968,8972,8569
6336,6335,6333,5179,5189,5179,9656,3363,9651,9312,9312,9238,8976,8972,8976,8599
6349,6340,6342,5234,5206,5234,9684,9656,9684,9353,9327,9298,8990,8976,8990,8603
6356,6347,6352,10706,5303,10688,3398,3539,3398,9398,9353,9327,9000,9000,9000,8606
11500,11505,6354,10755,5349,10755,3539,3544,3579,9408,9408,9398,2210,2208,2208,8624
11508,11510,11509,10799,10761,10799,3579,3588,3588,2836,2839,2836,2225,2210,2225,8634
6372,6367,6366,5355,5365,5357,3598,3655,3598,2839,2845,2839,2237,2225,2237,1734
6398,6389,6383,5357,5392,5359,3618,9762,3618,2845,2855,2856,2266,2237,2266,1756
6400,6393,6391,5359,5420,5373,9745,9772,3655,2855,2856,2882,2277,2298,2277,1762
11519,11525,11517,5373,10858,5403,9760,9904,9745,2856,2882,2889,2298,9009,2298,1796
11522,11529,11538,5424,10861,5424,9772,9907,9760,2906,2889,2893,9009,9010,9009,1802
6401,6426,6421,10851,10886,10851,9907,9915,9762,2907,2893,2907,9010,9012,9010,1804
6439,6441,6424,10862,10890,10862,3797,3786,3797,2910,2906,9440,9012,9021,9012,1828
6446,11539,11555,5462,5455,5484,3938,3876,3876,9440,2910,9445,9021,9049,9021,1839
6452,11542,11570,5492,5466,5492,3962,3938,4014,9445,9440,9446,9049,9050,9049,1996
11543,11549,11575,5497,5483,5497,4058,3962,4058,9446,9456,9456,9050,9070,9050,2044
6530,6470,6459,5520,5485,5520,9954,4009,9954,2919,2954,2919,9077,9077,9070,8710
6559,6498,6545,10925,5489,10925,9958,4014,9958,2936,2962,2936,2387,2387,2387,8734
11581,11593,11579,10930,5499,10930,10069,9960,10012,2964,2964,2954,2396,2396,2396,8763
11698,11645,11615,10967,5522,10967,10084,10012,10069,2990,2980,2962,2483,2462,2462,8915
11702,11694,11700,5552,5572,5535,10096,10096,10084,2993,2993,2980,2484,2484,2483,8916
6585,6584,6580,5583,5577,5552,4116,4134,4116,3001,3001,2990,2511,2511,2484,2125
6593,6591,6581,5585,5578,5585,4138,4138,4145,9471,3002,3001,9099,9099,2511,2137
6599,6604,6588,10991,5590,10991,4147,4145,4147,9472,9472,3002,9128,9128,9099,2145
6601,6608,6592,10992,10970,10992,4239,4171,4239,9482,9482,9471,9130,9130,9128,2146
6610,11708,6606,10999,10974,10999,4241,4244,4241,9488,9488,9472,9139,9139,9130,2157
6621,6614,6616,11002,10994,11002,4244,4253,4269,9489,9489,9488,9160,9160,9160,2158
6625,6627,6624,5601,5603,5601,4269,10144,10144,3018,3018,3018,9169,9169,9169,2164
6639,6629,6638,5606,5604,5606,10169,10164,10164,3027,3027,3219,9171,9171,9174,2178
6641,6635,11714,5607,5608,5607,10191,10169,10191,3046,3046,9519,9174,9177,9177,2184
11717,11716,11720,5609,5615,5609,4273,4273,4278,3145,3145,9520,2599,2563,2563,2186
6648,6649,6670,5611,5660,5611,4278,4276,4285,3212,3212,9521,2603,2599,2599,8968
6674,11752,6686,5625,5661,5629,4285,4294,4287,3219,9520,9524,2655,2603,2603,8972
11768,11773,11737,5629,5667,5655,4287,4296,4292,9519,9524,9546,2664,2655,2655,8976
11782,11789,11738,5692,5678,5692,4292,4297,4294,9520,9579,9579,2680,2664,2680,8990
11784,11807,11747,5704,5679,5704,4295,4298,4295,9521,9589,9589,2814,2680,2814,9000
6707,6717,6740,5740,5687,5740,4298,4301,4296,9546,9590,9590,9206,2814,9206,2208
6731,6718,11831,11027,5732,11027,4302,4306,4301,9579,9610,9610,9238,9238,9238,2210
6747,6742,11844,11048,5733,11035,4307,4307,4302,3239,3269,3239,9312,9298,9298,2225
11817,11815,11845,11050,11031,11048,4324,4353,4324,3269,3293,3281,9327,9312,9312,2237
11824,11821,11846,11058,11044,11058,4370,4390,4353,3281,3318,3293,9353,9327,9327,2266
6829,6806,6753,5741,5744,5755,4451,4451,4370,3312,3324,3312,9398,9353,9398,2277
11903,6827,6754,5755,5745,5757,4570,4470,4470,3334,3334,3318,9408,9408,9408,2298
11912,6862,6803,5757,5761,5760,4651,4651,4570,3347,3350,3324,2839,2836,2836,9009
11916,11929,11861,5760,5774,5767,10298,4665,10298,3363,3363,3334,2845,2839,2839,9010
11924,11945,11911,5767,5775,5768,10322,4696,10322,9636,9636,3347,2855,2845,2845,9012
6884,6886,6902,5768,5776,5780,10411,10347,10347,9651,9651,3350,2856,2855,2855,9021
6887,6917,6914,5780,5778,5788,10446,10446,10411,9656,9656,3363,2882,2856,2856,9049
6904,6962,6937,5897,5828,5897,4784,4793,4784,9684,9684,9656,2893,2882,2882,9050
12020,12018,6945,11089,5836,11089,4961,4798,4798,3398,3539,3398,2906,2889,2889,9070
12068,12037,7020,11122,5915,11112,4997,4906,4906,3539,3544,3539,2907,2893,2893,9077
7039,7056,7031,11150,5919,11122,5008,4961,4997,3579,3579,3544,2910,2906,2907,2387
7050,12095,7034,11156,11093,11156,5037,10464,5008,3598,3588,3588,9440,2910,2910,2396
7060,12110,7041,11162,11099,11162,10464,10476,5037,3618,3618,3598,9445,9440,9440,2462
12094,12111,12092,11191,11121,11191,10476,10477,10477,3655,9745,3655,9446,9445,9446,2483
12102,12115,12114,5954,5955,5962,10617,10485,10617,9745,9760,9762,9456,9456,9456,2484
7071,7075,7070,5963,5957,5963,10631,10502,10631,9760,9772,9772,2919,2919,2936,2511
7073,7080,7083,5964,5961,5964,5042,5042,5133,9762,9904,9904,2936,2954,2954,9099
7103,7100,7087,5966,5972,5966,5133,5134,5134,9772,9907,9907,2954,2962,2962,9128
7110,7102,7088,5971,5981,5971,5179,5155,5189,9907,9915,9915,2962,2964,2964,9130
7119,12117,7094,5986,5984,5986,5189,5179,5206,3797,3786,3786,2964,2980,2980,9139
7185,7150,7134,11223,11220,11223,5206,5234,5303,3876,3797,3876,2993,2990,2990,9160
12124,7195,7162,6017,6011,6017,5234,5349,5349,3938,3938,3938,3001,2993,3001,9169
12205,7214,12166,6021,6015,6021,5303,10688,10688,3962,3962,3962,3002,3001,3002,9171
12213,7243,12170,6029,6027,6029,10706,10755,10706,4058,4009,4009,9471,3002,9471,9174
12233,12142,12214,6033,6028,11235,10761,10799,10761,9954,4014,4014,9472,9472,9472,9177
7254,7256,7310,11240,6054,11240,5355,5357,5355,9958,9954,4058,9482,9482,9482,2563
7285,7257,7317,11249,11239,11249,5357,5359,5365,10012,9960,9958,9488,9488,9488,2599
7300,7341,7344,11262,11255,11262,5365,5373,5392,10069,10069,9960,9489,9489,9489,2603
12296,7364,7347,6098,6057,6098,5373,5403,5403,10084,10084,10012,3018,3018,3018,2655
12298,12265,12254,11287,6066,11287,5392,5424,5420,10096,10096,10096,3027,3027,3046,2664
7376,7391,7396,11293,6070,11291,5420,10851,10858,4116,4134,4116,3046,3046,3145,2680
7441,7404,7434,11294,6084,11293,10858,10861,10861,4138,4138,4134,3145,3145,3212,2814
7476,7478,7436,11295,6094,11294,10862,10862,10886,4145,4147,4138,3212,3212,3219,9206
12378,12312,12352,11302,11312,11302,10890,10886,10890,4147,4171,4145,3219,9519,9519,9238
12385,12317,12387,11314,11319,11314,5455,5484,5455,4239,4239,4171,9520,9520,9520,9298
7484,7488,7507,6119,6173,6119,5462,5485,5462,4241,4244,4241,9521,9524,9521,9312
7509,7498,7513,6125,6206,6125,5466,5492,5466,4244,4253,4244,9546,9546,9524,9327
12405,7518,7522,6182,6233,6182,5483,5497,5483,4269,4269,4253,9579,9579,9579,9353
12415,7521,12433,6252,11336,6252,5489,5520,5484,10164,10144,10144,9589,9589,9589,9398
12421,12411,12437,6270,11408,11362,5492,5522,5485,10169,10169,10164,9590,9590,9590,9408
7531,7528,7524,11362,11463,11421,5497,10925,5489,10191,10191,10169,9610,9610,9610,2836
7542,7545,7544,11421,11494,11448,5499,10930,5499,4273,4273,4273,3239,3269,3239,2839
7555,7547,7556,6335,6333,6335,5520,10967,5522,4278,4276,4276,3269,3293,3281,2845
12443,7553,12448,6340,6336,6340,5552,5535,5535,4285,4278,4294,3281,3312,3293,2855
12445,7554,12449,6342,6349,6342,5577,5552,5572,4287,4285,4295,3293,3318,3312,2856
7561,7564,7562,6347,6356,6347,5578,5572,5577,4292,4287,4296,3318,3324,3318,2882
7567,7565,7577,6352,11500,6354,5583,5585,5578,4295,4292,4297,3324,3334,3324,2889
7580,7581,7584,6354,11508,11505,5585,10974,5583,4296,4294,4298,3334,3347,3334,2893
7583,7582,12455,11510,11509,11510,5590,10991,5590,4298,4297,4301,3347,3350,3350,2906
12452,7587,12457,6367,6366,6367,10970,10992,10970,4301,4298,4302,3363,3363,3363,2907
7598,7606,7600,6383,6372,6383,10991,10999,10974,4302,4306,4306,9636,9636,9636,2910
7609,7610,7603,6391,6398,6389,10994,11002,10994,4307,4307,4307,9651,9651,9651,9440
7616,7621,12465,6393,6400,6393,5607,5601,5603,4324,4370,4324,9656,9656,9656,9445
12462,7623,12468,11525,11517,11525,5608,5603,5604,4353,4390,4353,9684,9684,9684,9446
12467,7624,12470,11529,11519,11529,5609,5604,5608,4370,4451,4390,3398,3539,3398,9456
7652,7635,7636,11538,11522,11538,5611,5606,5615,4451,4570,4451,3539,3544,3539,2919
12478,7649,7670,6424,6401,6424,5615,5607,5625,4470,4651,4470,3544,3579,3544,2936
12486,7650,12471,6426,6421,6426,5625,5609,5655,4570,4665,4651,3579,3588,3579,2954
12493,7655,12477,6441,6439,6441,5660,5611,5660,4651,4696,4665,3598,3598,3588,2962
12500,7662,12480,11539,6446,11539,5661,5629,5661,10298,10322,4696,3618,3618,3655,2964
7675,7672,7686,11542,6452,11542,5667,5655,5667,10322,10347,10298,9745,3655,9745,2980
7682,7676,7688,11570,11543,11549,5687,5678,5678,10411,10411,10347,9760,9745,9760,2990
7696,7680,7691,11575,11555,11570,5732,5679,5679,10446,10446,10446,9762,9760,9762,2993
7704,7681,7694,6459,6530,6459,5733,5692,5687,4784,4784,4793,9772,9772,9772,3001
12503,7701,12502,6470,6545,6470,5740,5704,5732,4798,4793,4798,9904,9904,9904,3002
0,0,0,11593,6559,6498,11031,5740,5733,4961,4906,4906,9907,9907,9907,9471
0,0,0,11615,11579,11593,11044,11027,11031,4997,4961,4961,9915,9915,9915,9472
0,0,0,11645,11581,11615,11048,11035,11035,5008,4997,5037,3786,3786,3786,9482
0,0,0,11694,11698,11645,11050,11048,11044,5037,5008,10464,3797,3797,3876,9488
0,0,0,11700,11702,11694,11058,11058,11050,10464,10464,10476,3938,3876,3938,9489
0,0,0,6581,6580,6581,5741,5755,5741,10476,10476,10477,3962,3938,3962,3018
0,0,0,6588,6585,6584,5744,5757,5744,10477,10485,10485,4009,3962,4009,3027
0,0,0,6591,6592,6588,5745,5760,5745,10617,10502,10502,4058,4009,4014,3046
0,0,0,6604,6593,6591,5757,5761,5761,10631,10631,10617,9954,4014,9954,3145
0,0,0,6606,6599,6604,5760,5767,5774,5042,5042,5042,9958,4058,9958,3212
0,0,0,6608,6601,6608,5768,5768,5775,5133,5155,5133,9960,9954,9960,3219
0,0,0,11708,6610,11708,5774,5775,5776,5134,5179,5134,10012,9960,10012,9519
0,0,0,6614,6621,6614,5776,5780,5778,5179,5189,5155,10069,10069,10069,9520
0,0,0,6616,6625,6616,5778,5788,5788,5189,5206,5179,10084,10084,10084,9521
0,0,0,6624,6638,6624,5828,5897,5828,5206,5234,5234,10096,10096,10096,9524
0,0,0,6627,6639,6627,5836,5919,5836,5234,10688,5303,4116,4116,4134,9546
0,0,0,6629,6641,6629,5915,11089,5915,5303,10706,5349,4134,4134,4138,9579
0,0,0,11714,11717,6635,11089,11112,5919,5349,10755,10688,4138,4138,4145,9589
0,0,0,11716,11720,11716,11093,11121,11093,10706,10761,10755,4147,4145,4171,9590
0,0,0,6649,6648,6649,11099,11122,11099,10761,10799,10799,4171,4147,4239,9610
0,0,0,6670,6674,6670,11150,11156,11112,5355,5355,5357,4239,4171,4241,3239
0,0,0,6686,11737,6686,11162,11162,11121,5357,5357,5359,4241,4239,4244,3269
0,0,0,11747,11738,11752,11191,11191,11150,5365,5359,5373,4244,4244,4253,3281
0,0,0,11752,11768,11773,5954,5961,5954,5373,5365,5403,4253,4253,4269,3293
0,0,0,11773,11782,11789,5955,5962,5955,5392,5373,5420,4269,4269,10144,3312
0,0,0,11807,11784,11807,5957,5963,5957,5420,5392,5424,10164,10144,10164,3318
0,0,0,6717,6707,6717,5964,5964,5961,10858,5403,10851,10169,10169,10169,3324
0,0,0,6718,6731,6718,5971,5966,5962,10861,5424,10861,10191,10191,10191,3334
0,0,0,6742,6740,6742,5981,5971,5972,10862,10851,10862,4273,4273,4273,3347
0,0,0,11821,6747,11815,5984,5972,5981,10886,10858,10886,4276,4276,4276,3350
0,0,0,11831,11817,11821,11220,5986,5984,10890,10862,10890,4278,4278,4285,3363
0,0,0,11845,11824,11831,11223,11223,11220,5455,5462,5455,4285,4285,4287,9636
0,0,0,11846,11844,11846,6015,6011,6011,5462,5483,5466,4287,4287,4292,9651
0,0,0,6803,6753,6806,6017,6017,6015,5466,5484,5484,4292,4292,4294,9656
0,0,0,6806,6754,6827,6021,6021,6027,5483,5489,5485,4295,4294,4296,9684
0,0,0,6862,6829,6862,6027,6029,6028,5485,5492,5492,4296,4295,4297,3398
0,0,0,11861,11903,11861,6028,6054,6033,5489,5497,5497,4297,4297,4298,3539
0,0,0,11911,11912,11911,6029,11235,6054,5492,5499,5520,4298,4298,4301,3544
0,0,0,11929,11916,11929,6033,11240,11235,5497,5520,5522,4302,4301,4302,3579
0,0,0,11945,11924,11945,11239,11249,11239,5499,10925,10925,4306,4306,4306,3588
0,0,0,6886,6884,6886,11255,11262,11255,5520,10930,10930,4307,4307,4307,3598
0,0,0,6902,6887,6902,6057,6070,6057,5522,10967,10967,4324,4324,4353,3618
0,0,0,6914,6904,6914,6066,6098,6066,5552,5535,5535,4370,4353,4370,3655
0,0,0,6917,6937,6917,6084,11287,6070,5572,5552,5552,4390,4370,4390,9745
0,0,0,7020,6945,6962,6094,11291,6084,5577,5578,5572,4451,4390,4451,9760
0,0,0,12018,12020,12018,11293,11293,6094,5578,5583,5577,4470,4451,4470,9762
0,0,0,12037,12068,12037,11295,11294,11291,5583,5585,5585,4570,4570,4570,9772
0,0,0,7031,7034,7031,11302,11302,11295,5585,5590,10970,4651,4651,4651,9904
0,0,0,7056,7039,7056,11314,11312,11312,5590,10991,10974,4665,4665,4665,9907
0,0,0,12092,7041,12095,11319,11314,11319,10970,10992,10991,4696,4696,4696,9915
0,0,0,12110,7050,12110,6125,6119,6173,10974,10994,10992,10298,10322,10298,3786
0,0,0,12111,7060,12111,6173,6125,6206,10991,10999,10999,10322,10347,10347,3797
0,0,0,12114,12094,12114,6206,6182,6233,10994,11002,11002,10411,10411,10411,3876
0,0,0,12115,12102,12115,6233,6252,6270,5603,5601,5601,10446,10446,10446,3938
0,0,0,7075,7070,7075,6252,11362,11336,5604,5606,5603,4784,4784,4784,3962
0,0,0,7080,7071,7080,6270,11421,11408,5607,5607,5604,4793,4793,4793,4009
0,0,0,7087,7073,7087,11336,11448,11448,5608,5608,5606,4961,4798,4798,4014
0,0,0,7088,7083,7088,11362,11463,11463,5609,5609,5607,4997,4906,4906,4058
0,0,0,7094,7103,7100,11408,11494,11494,5611,5611,5609,5008,4961,4961,9954
0,0,0,7102,7110,7102,6333,6335,6333,5615,5615,5611,5037,4997,5008,9958
0,0,0,12117,7119,12117,6335,6340,6336,5625,5625,5629,10464,5008,10464,9960
0,0,0,7150,7134,7150,6336,6342,6349,5660,5629,5655,10476,5037,10476,10012
0,0,0,7195,7162,7195,6342,6347,6352,5661,5655,5660,10477,10464,10477,10069
0,0,0,7243,7185,7214,6352,6349,6356,5667,5667,5661,10485,10476,10485,10084
0,0,0,12142,12124,7243,6354,6354,11500,5678,5687,5678,10502,10485,10502,10096
0,0,0,12166,12205,12142,6356,11500,11505,5679,5692,5679,10617,10502,10617,4116
0,0,0,12170,12213,12166,11508,11505,11508,5687,5704,5692,10631,10631,10631,4134
0,0,0,12214,12233,12214,11509,11510,11509,5732,5732,5704,5042,5042,5042,4138
0,0,0,7256,7254,7256,6366,6367,6366,5733,5733,5740,5133,5133,5134,4145
0,0,0,7257,7285,7257,6372,6383,6372,5740,5740,11027,5134,5155,5155,4147
0,0,0,7310,7300,7310,6383,6389,6389,11031,11027,11031,5155,5179,5179,4171
0,0,0,7341,7317,7341,6391,6393,6391,11044,11035,11035,5179,5189,5206,4239
0,0,0,7344,7347,7364,6398,6400,6398,11048,11048,11044,5189,5206,5234,4241
0,0,0,12254,12296,12254,11517,11522,6400,11050,11050,11048,5206,5234,5303,4244
0,0,0,12265,12298,12265,11519,11525,11517,11058,11058,11058,5234,5349,5349,4253
0,0,0,7391,7376,7391,11529,11529,11519,5741,5741,5744,5303,10688,10688,4269
0,0,0,7404,7396,7404,11538,11538,11522,5744,5745,5755,10706,10706,10706,10144
0,0,0,7434,7441,7434,6401,6424,6401,5745,5755,5757,10755,10755,10755,10164
0,0,0,7436,7476,7478,6421,6426,6421,5757,5757,5760,10761,10761,10761,10169
0,0,0,7478,12378,12312,6424,6441,6439,5760,5760,5761,10799,10799,10799,10191
0,0,0,12312,12385,12317,6439,6446,6446,5761,5767,5767,5355,5355,5355,4273
0,0,0,12352,12387,12352,6441,6452,6452,5768,5768,5768,5357,5357,5357,4276
0,0,0,7488,7484,7488,11543,11539,11543,5774,5776,5774,5359,5359,5359,4278
0,0,0,7513,7507,7498,11555,11542,11549,5775,5778,5775,5365,5365,5373,4285
0,0,0,7518,7509,7513,11570,11549,11555,5776,5780,5780,5373,5373,5392,4287
0,0,0,7521,12405,7518,11575,11570,11575,5778,5788,5788,5392,5392,5403,4292
0,0,0,7522,12415,7521,6459,6459,6498,5828,5828,5897,5420,5403,5424,4294
0,0,0,12411,12421,12411,6530,6470,6530,5836,5836,5915,5424,5420,10851,4295
0,0,0,12437,12433,12437,6545,6498,6545,5915,5897,5919,10851,5424,10858,4296
0,0,0,7528,7524,7528,6559,11593,6559,5919,11089,11089,10858,10851,10861,4297
0,0,0,7544,7531,7545,11579,11615,11579,11089,11093,11099,10862,10858,10862,4298
0,0,0,7545,7542,7547,11581,11645,11581,11093,11112,11112,10886,10861,10886,4301
0,0,0,7553,7555,7553,11615,11694,11698,11099,11122,11121,10890,10862,10890,4302
0,0,0,7554,12443,7554,11694,11698,11700,11121,11150,11122,5455,5462,5455,4306
0,0,0,7556,12445,7556,11700,11702,11702,11150,11156,11156,5462,5466,5462,4307
0,0,0,12448,12449,12448,6580,6581,6580,11162,11162,11162,5466,5483,5483,4324
0,0,0,7562,7561,7564,6581,6584,6584,11191,11191,11191,5483,5484,5484,4353
0,0,0,7564,7567,7565,6588,6585,6585,5954,5954,5961,5489,5485,5485,4370
0,0,0,7577,7580,7577,6592,6588,6592,5955,5955,5962,5492,5489,5489,4390
0,0,0,7581,7583,7581,6593,6591,6593,5957,5957,5963,5497,5492,5492,4451
0,0,0,7582,12452,7582,6599,6604,6599,5961,5962,5964,5499,5497,5497,4470
0,0,0,7584,12455,7584,6601,6608,6601,5964,5963,5966,5520,5499,5520,4570
0,0,0,7587,12457,7587,6606,6610,6606,5971,5964,5971,5522,5520,5522,4651
0,0,0,7600,7598,7606,11708,11708,6610,5972,5966,5972,10925,10925,10925,4665
0,0,0,7606,7603,7610,6616,6614,6621,5981,5971,5981,10930,10930,10930,4696
0,0,0,7621,7609,7621,6624,6616,6625,5984,5986,5984,10967,10967,10967,10298
0,0,0,7623,7616,7623,6638,6621,6635,11220,11220,5986,5552,5535,5535,10322
0,0,0,7624,12462,7624,6639,6624,6638,11223,11223,11223,5577,5552,5552,10347
0,0,0,12465,12467,12465,6641,6625,6639,6011,6015,6011,5578,5572,5572,10411
0,0,0,12470,12468,12470,11714,6627,6641,6015,6017,6017,5583,5578,5577,10446
0,0,0,7635,7636,7635,11716,6629,11714,6017,6021,6021,5585,5583,5583,4784
0,0,0,7649,7652,7649,11717,6635,11717,6021,6027,6029,5590,5585,5585,4793
0,0,0,7650,12477,7650,11720,11716,11720,6027,6028,6054,10970,5590,5590,4798
0,0,0,7655,12478,7655,6670,6648,6648,6028,6029,11235,10974,10970,10974,4906
0,0,0,7670,12486,7662,6674,6649,6674,6029,6033,11239,10991,10991,10991,4961
0,0,0,12471,12493,12471,6686,6670,11737,6033,11235,11240,10992,10992,10992,4997
0,0,0,12480,12500,12480,11737,6686,11738,6054,11240,11249,10994,10994,10994,5008
0,0,0,7676,7675,7672,11738,11752,11747,11239,11249,11255,10999,10999,10999,5037
0,0,0,7680,7682,7676,11747,11773,11768,11255,11262,11262,11002,11002,11002,10464
0,0,0,7681,7686,7680,11768,11784,11782,6057,6057,6070,5601,5601,5601,10476
0,0,0,7688,7694,7681,11773,11789,11784,6066,6066,6094,5603,5604,5603,10477
0,0,0,7691,7696,7688,11782,11807,11789,6070,6084,6098,5606,5606,5604,10485
0,0,0,7701,7704,7691,6718,6707,6707,6084,6098,11287,5607,5607,5606,10502
0,0,0,12502,12503,7701,6731,6717,6731,6094,11287,11291,5608,5608,5607,10617
0,0,0,0,0,0,6740,6718,6740,11293,11291,11293,5609,5609,5609,10631
0,0,0,0,0,0,11817,6742,6747,11295,11293,11294,5611,5611,5611,5042
0,0,0,0,0,0,11824,6747,11815,11302,11294,11302,5615,5615,5615,5133
0,0,0,0,0,0,11831,11815,11817,11312,11295,11312,5625,5625,5625,5134
0,0,0,0,0,0,11844,11821,11824,11314,11302,11314,5629,5629,5629,5155
0,0,0,0,0,0,11845,11831,11844,11319,11314,11319,5660,5655,5655,5179
0,0,0,0,0,0,11846,11846,11845,6125,6119,6119,5661,5661,5660,5189
0,0,0,0,0,0,6753,6806,6753,6173,6125,6125,5667,5667,5667,5206
0,0,0,0,0,0,6754,6827,6754,6206,6182,6173,5678,5679,5678,5234
0,0,0,0,0,0,6803,6862,6803,6233,6233,6182,5687,5687,5679,5303
0,0,0,0,0,0,6829,11861,6827,6252,6252,6206,5692,5692,5687,5349
0,0,0,0,0,0,11861,11911,6829,6270,6270,6252,5704,5704,5692,10688
0,0,0,0,0,0,11903,11912,11903,11336,11336,11362,5732,5732,5704,10706
0,0,0,0,0,0,11911,11924,11912,11362,11362,11421,5733,5733,5732,10755
0,0,0,0,0,0,11916,11929,11916,11408,11408,11448,5740,5740,5740,10761
0,0,0,0,0,0,11945,11945,11924,11463,11421,11463,11027,11027,11027,10799
0,0,0,0,0,0,6884,6886,6884,11494,11448,11494,11031,11031,11035,5355
0,0,0,0,0,0,6887,6902,6887,6333,6333,6335,11044,11035,11044,5357
0,0,0,0,0,0,6902,6914,6904,6335,6335,6340,11048,11048,11048,5359
0,0,0,0,0,0,6904,6917,6937,6336,6336,6342,11050,11050,11050,5365
0,0,0,0,0,0,6914,6962,6945,6342,6340,6347,11058,11058,11058,5373
0,0,0,0,0,0,6937,12018,6962,6349,6342,6349,5741,5741,5741,5392
0,0,0,0,0,0,6945,12020,7020,6352,6347,6354,5744,5744,5745,5403
0,0,0,0,0,0,7020,12037,12020,6354,6352,6356,5745,5745,5755,5420
0,0,0,0,0,0,12037,12068,12068,6356,6354,11500,5755,5755,5757,5424
0,0,0,0,0,0,7031,7031,7034,11500,11505,11505,5757,5757,5760,10851
0,0,0,0,0,0,7034,7050,7039,11508,11509,11508,5760,5760,5761,10858
0,0,0,0,0,0,7039,7056,7041,11509,11510,11510,5761,5767,5767,10861
0,0,0,0,0,0,7041,12095,7050,6366,6366,6367,5767,5768,5768,10862
0,0,0,0,0,0,7060,12102,7060,6372,6367,6383,5768,5775,5774,10886
0,0,0,0,0,0,12092,12110,12092,6383,6372,6389,5774,5776,5775,10890
0,0,0,0,0,0,12094,12111,12094,6391,6383,6393,5776,5778,5776,5455
0,0,0,0,0,0,12114,12114,12095,6398,6389,6398,5778,5780,5780,5462
0,0,0,0,0,0,12115,12115,12102,6400,6391,6400,5780,5788,5788,5466
0,0,0,0,0,0,7070,7073,7070,11517,6393,11519,5828,5828,5836,5483
0,0,0,0,0,0,7071,7075,7071,11519,11517,11522,5836,5836,5897,5484
0,0,0,0,0,0,7080,7080,7073,11522,11525,11525,5897,5897,5919,5485
0,0,0,0,0,0,7083,7087,7083,11529,11529,11529,5915,5915,11089,5489
0,0,0,0,0,0,7087,7088,7094,11538,11538,11538,11089,5919,11093,5492
0,0,0,0,0,0,7088,7100,7100,6401,6401,6424,11093,11089,11099,5497
0,0,0,0,0,0,7094,7102,7103,6421,6421,6426,11099,11093,11112,5499
0,0,0,0,0,0,7103,7110,7110,6424,6424,6439,11121,11112,11121,5520
0,0,0,0,0,0,7119,12117,7119,6439,6426,6441,11122,11122,11122,5522
0,0,0,0,0,0,7134,7150,7134,6441,6441,6446,11150,11150,11150,10925
0,0,0,0,0,0,7162,7195,7162,6446,11539,6452,11156,11156,11156,10930
0,0,0,0,0,0,7185,7214,7185,6452,11542,11539,11162,11162,11162,10967
0,0,0,0,0,0,7243,7243,7214,11543,11549,11542,11191,11191,11191,5535
0,0,0,0,0,0,12124,12142,12124,11555,11555,11543,5954,5954,5954,5552
0,0,0,0,0,0,12166,12166,12170,11570,11570,11549,5955,5955,5955,5572
0,0,0,0,0,0,12170,12205,12205,11575,11575,11570,5957,5957,5961,5577
0,0,0,0,0,0,12213,12214,12213,6459,6459,6459,5963,5961,5962,5578
0,0,0,0,0,0,12214,12233,12233,6530,6470,6470,5964,5962,5963,5583
0,0,0,0,0,0,7254,7256,7254,6545,6498,6498,5966,5963,5964,5585
0,0,0,0,0,0,7300,7257,7285,6559,6545,6530,5971,5964,5966,5590
0,0,0,0,0,0,7310,7285,7300,11579,6559,11581,5972,5966,5971,10970
0,0,0,0,0,0,7317,7310,7317,11581,11579,11593,5981,5971,5972,10974
0,0,0,0,0,0,7341,7341,7344,11615,11593,11615,5984,5981,5984,10991
0,0,0,0,0,0,7344,7364,7347,11694,11615,11645,5986,5986,5986,10992
0,0,0,0,0,0,7347,12254,7364,11698,11645,11694,11220,11220,11220,10994
0,0,0,0,0,0,12254,12265,12296,11700,11694,11698,11223,11223,11223,10999
0,0,0,0,0,0,12296,12298,12298,11702,11700,11702,6015,6011,6011,11002
0,0,0,0,0,0,7376,7391,7376,6580,6580,6581,6017,6015,6015,5601
0,0,0,0,0,0,7391,7404,7396,6581,6581,6584,6021,6017,6017,5603
0,0,0,0,0,0,7396,7434,7436,6585,6584,6585,6027,6021,6021,5604
0,0,0,0,0,0,7434,7476,7441,6588,6588,6588,6028,6027,6027,5606
0,0,0,0,0,0,7436,7478,7476,6592,6591,6591,6029,6028,6029,5607
0,0,0,0,0,0,7441,12312,12317,6593,6592,6593,6033,6029,6033,5608
0,0,0,0,0,0,12352,12317,12378,6599,6601,6599,6054,6033,6054,5609
0,0,0,0,0,0,12378,12352,12385,6601,6604,6604,11239,11235,11235,5611
0,0,0,0,0,0,12387,12385,12387,6606,6606,6608,11240,11240,11239,5615
0,0,0,0,0,0,7507,7484,7484,6610,6608,6610,11249,11249,11240,5625
0,0,0,0,0,0,7509,7488,7498,11708,11708,11708,11255,11255,11249,5629
0,0,0,0,0,0,7513,7498,7507,6616,6614,6614,11262,11262,11262,5655
0,0,0,0,0,0,7522,7513,7509,6621,6616,6616,6057,6057,6057,5660
0,0,0,0,0,0,12411,7518,7522,6624,6624,6621,6066,6066,6070,5661
0,0,0,0,0,0,12415,7521,12405,6625,6627,6624,6084,6070,6084,5667
0,0,0,0,0,0,12421,12405,12415,6638,6629,6625,6094,6084,6094,5678
0,0,0,0,0,0,12433,12411,12421,6639,6635,6627,6098,6098,6098,5679
0,0,0,0,0,0,12437,12437,12433,6641,6638,6629,11287,11287,11287,5687
0,0,0,0,0,0,7524,7528,7524,11714,11714,6635,11293,11291,11291,5692
0,0,0,0,0,0,7531,7545,7531,11716,11716,6639,11294,11293,11293,5704
0,0,0,0,0,0,7542,7547,7542,11717,11717,6641,11295,11294,11294,5732
0,0,0,0,0,0,7544,7553,7544,11720,11720,11716,11302,11295,11295,5733
0,0,0,0,0,0,7545,7554,7547,6648,6649,6648,11312,11302,11302,5740
0,0,0,0,0,0,7556,7555,7555,6670,6670,6649,11314,11314,11312,11027
0,0,0,0,0,0,12445,7556,12443,6674,6674,6670,11319,11319,11314,11031
0,0,0,0,0,0,12448,12443,12445,6686,6686,6686,6119,6119,6119,11035
0,0,0,0,0,0,12449,12448,12449,11737,11737,11752,6125,6125,6125,11044
0,0,0,0,0,0,7561,7564,7561,11738,11738,11768,6173,6173,6182,11048
0,0,0,0,0,0,7562,7565,7562,11747,11747,11773,6182,6182,6206,11050
0,0,0,0,0,0,7567,7577,7565,11768,11752,11782,6206,6233,6233,11058
0,0,0,0,0,0,7577,7580,7567,11773,11773,11784,6233,6252,6252,5741
0,0,0,0,0,0,7583,7581,7580,11782,11789,11789,6252,6270,6270,5744
0,0,0,0,0,0,7584,7582,7583,11784,11807,11807,6270,11336,11362,5745
0,0,0,0,0,0,7587,7584,12452,6707,6717,6707,11336,11362,11408,5755
0,0,0,0,0,0,12455,7587,12455,6718,6718,6717,11362,11408,11421,5757
0,0,0,0,0,0,12457,12452,12457,6731,6740,6718,11408,11421,11448,5760
0,0,0,0,0,0,7600,7598,7598,6740,6742,6731,11421,11448,11463,5761
0,0,0,0,0,0,7603,7606,7600,6747,11815,6742,11463,11494,11494,5767
0,0,0,0,0,0,7609,7610,7603,11817,11821,6747,6333,6333,6333,5768
0,0,0,0,0,0,7616,7621,7609,11824,11824,11815,6335,6335,6335,5774
0,0,0,0,0,0,7624,7623,7610,11831,11831,11817,6336,6336,6340,5775
0,0,0,0,0,0,12465,7624,7616,11844,11844,11821,6340,6340,6342,5776
0,0,0,0,0,0,12467,12462,12462,11845,11845,11831,6342,6342,6347,5778
0,0,0,0,0,0,12468,12465,12467,11846,11846,11846,6347,6347,6349,5780
0,0,0,0,0,0,12470,12470,12468,6753,6753,6806,6349,6352,6352,5788
0,0,0,0,0,0,7636,7635,7636,6754,6754,6827,6352,6354,6354,5828
0,0,0,0,0,0,7649,7649,7652,6803,6803,6829,6354,11500,6356,5836
0,0,0,0,0,0,7670,7650,7662,6829,6806,6862,6356,11505,11500,5897
0,0,0,0,0,0,12471,7652,7670,11861,6827,11861,11508,11508,11505,5915
0,0,0,0,0,0,12477,7655,12477,11903,6862,11903,11509,11509,11509,5919
0,0,0,0,0,0,12478,7662,12478,11911,11861,11911,11510,11510,11510,11089
0,0,0,0,0,0,12480,12471,12486,11912,11911,11912,6366,6366,6366,11093
0,0,0,0,0,0,12486,12480,12493,11916,11916,11924,6367,6367,6367,11099
0,0,0,0,0,0,12493,12500,12500,11924,11929,11929,6372,6372,6383,11112
0,0,0,0,0,0,7675,7672,7672,11945,11945,11945,6383,6383,6389,11121
0,0,0,0,0,0,7680,7676,7675,6884,6886,6884,6391,6389,6391,11122
0,0,0,0,0,0,7686,7680,7682,6887,6887,6886,6393,6391,6393,11150
0,0,0,0,0,0,7688,7681,7686,6902,6902,6902,6398,6393,6398,11156
0,0,0,0,0,0,7691,7682,7694,6904,6914,6904,6400,11517,6400,11162
0,0,0,0,0,0,7694,7688,7696,6914,6917,6914,11517,11519,11517,11191
0,0,0,0,0,0,7704,7691,7704,6937,6937,6917,11519,11522,11522,5954
0,0,0,0,0,0,12502,7696,12502,6945,6945,6962,11525,11525,11525,5955
0,0,0,0,0,0,12503,7701,12503,7020,6962,12018,11529,11529,11529,5957
0,0,0,0,0,0,0,0,0,12020,7020,12020,11538,11538,11538,5961
0,0,0,0,0,0,0,0,0,12037,12018,12037,6401,6401,6421,5962
0,0,0,0,0,0,0,0,0,12068,12037,12068,6421,6421,6424,5963
0,0,0,0,0,0,0,0,0,7031,7031,7031,6424,6424,6426,5964
0,0,0,0,0,0,0,0,0,7034,7034,7050,6426,6426,6441,5966
0,0,0,0,0,0,0,0,0,7039,7039,7056,6439,6439,6446,5971
0,0,0,0,0,0,0,0,0,7041,7041,7060,6441,6441,6452,5972
0,0,0,0,0,0,0,0,0,7050,7056,12094,6446,6452,11539,5981
0,0,0,0,0,0,0,0,0,7060,12092,12095,11539,11539,11542,5984
0,0,0,0,0,0,0,0,0,12092,12095,12102,11542,11542,11543,5986
0,0,0,0,0,0,0,0,0,12094,12110,12110,11543,11549,11549,11220
0,0,0,0,0,0,0,0,0,12102,12111,12111,11555,11555,11555,11223
0,0,0,0,0,0,0,0,0,12114,12114,12114,11570,11570,11570,6011
0,0,0,0,0,0,0,0,0,12115,12115,12115,11575,11575,11575,6015
0,0,0,0,0,0,0,0,0,7070,7070,7071,6459,6459,6459,6017
0,0,0,0,0,0,0,0,0,7071,7075,7073,6470,6470,6470,6021
0,0,0,0,0,0,0,0,0,7073,7080,7075,6530,6498,6498,6027
0,0,0,0,0,0,0,0,0,7080,7083,7080,6545,6530,6545,6028
0,0,0,0,0,0,0,0,0,7083,7087,7087,6559,6545,11579,6029
0,0,0,0,0,0,0,0,0,7087,7088,7088,11579,6559,11581,6033
0,0,0,0,0,0,0,0,0,7088,7094,7100,11581,11579,11593,6054
0,0,0,0,0,0,0,0,0,7094,7100,7102,11593,11593,11615,11235
0,0,0,0,0,0,0,0,0,7103,7102,7103,11615,11615,11645,11239
0,0,0,0,0,0,0,0,0,7110,7119,7110,11645,11645,11694,11240
0,0,0,0,0,0,0,0,0,7119,12117,12117,11694,11694,11698,11249
0,0,0,0,0,0,0,0,0,7134,7134,7150,11700,11698,11700,11255
0,0,0,0,0,0,0,0,0,7162,7150,7185,11702,11700,11702,11262
0,0,0,0,0,0,0,0,0,7185,7162,7195,6580,6580,6580,6057
0,0,0,0,0,0,0,0,0,7243,7195,7214,6581,6581,6581,6066
0,0,0,0,0,0,0,0,0,12124,7214,7243,6588,6584,6584,6070
0,0,0,0,0,0,0,0,0,12166,7243,12142,6591,6585,6585,6084
0,0,0,0,0,0,0,0,0,12170,12124,12166,6592,6588,6588,6094
0,0,0,0,0,0,0,0,0,12205,12142,12205,6593,6591,6591,6098
0,0,0,0,0,0,0,0,0,12213,12166,12213,6599,6592,6592,11287
0,0,0,0,0,0,0,0,0,12214,12170,12214,6601,6599,6593,11291
0,0,0,0,0,0,0,0,0,12233,12214,12233,6604,6601,6604,11293
0,0,0,0,0,0,0,0,0,7254,7256,7254,6606,6604,6606,11294
0,0,0,0,0,0,0,0,0,7285,7257,7256,6608,6606,6608,11295
0,0,0,0,0,0,0,0,0,7300,7310,7257,6610,6608,6610,11302
0,0,0,0,0,0,0,0,0,7310,7317,7285,11708,11708,11708,11312
0,0,0,0,0,0,0,0,0,7317,7341,7300,6614,6614,6614,11314
0,0,0,0,0,0,0,0,0,7341,7344,7310,6616,6616,6616,11319
0,0,0,0,0,0,0,0,0,7344,7347,7341,6621,6624,6621,6119
0,0,0,0,0,0,0,0,0,7347,7364,7364,6624,6625,6624,6125
0,0,0,0,0,0,0,0,0,12254,12254,12254,6627,6627,6625,6173
0,0,0,0,0,0,0,0,0,12296,12265,12265,6629,6629,6627,6182
0,0,0,0,0,0,0,0,0,12298,12296,12298,6638,6635,6629,6206
0,0,0,0,0,0,0,0,0,7376,7391,7376,6639,6638,6635,6233
0,0,0,0,0,0,0,0,0,7391,7396,7391,6641,6641,6638,6252
0,0,0,0,0,0,0,0,0,7396,7404,7404,11714,11714,6639,6270
0,0,0,0,0,0,0,0,0,7434,7434,7434,11716,11716,11714,11336
0,0,0,0,0,0,0,0,0,7436,7436,7441,11717,11717,11716,11362
0,0,0,0,0,0,0,0,0,7441,7478,7476,11720,11720,11720,11408
0,0,0,0,0,0,0,0,0,7476,12312,7478,6648,6649,6648,11421
0,0,0,0,0,0,0,0,0,12352,12317,12312,6649,6670,6649,11448
0,0,0,0,0,0,0,0,0,12378,12352,12317,6670,6674,6670,11463
0,0,0,0,0,0,0,0,0,12385,12378,12352,6674,6686,6686,11494
0,0,0,0,0,0,0,0,0,12387,12387,12385,6686,11737,11737,6333
0,0,0,0,0,0,0,0,0,7484,7488,7484,11737,11738,11738,6335
0,0,0,0,0,0,0,0,0,7507,7498,7488,11738,11747,11747,6336
0,0,0,0,0,0,0,0,0,7509,7507,7498,11747,11752,11752,6340
0,0,0,0,0,0,0,0,0,7513,7513,7509,11752,11773,11768,6342
0,0,0,0,0,0,0,0,0,7522,7518,7513,11768,11782,11773,6347
0,0,0,0,0,0,0,0,0,12405,7521,7518,11773,11784,11784,6349
0,0,0,0,0,0,0,0,0,12411,7522,7521,11782,11789,11789,6352
0,0,0,0,0,0,0,0,0,12415,12411,12405,11807,11807,11807,6354
0,0,0,0,0,0,0,0,0,12421,12421,12411,6707,6717,6707,6356
0,0,0,0,0,0,0,0,0,12433,12433,12415,6717,6718,6717,11500
0,0,0,0,0,0,0,0,0,12437,12437,12437,6718,6731,6718,11505
0,0,0,0,0,0,0,0,0,7524,7524,7528,6731,6740,6740,11508
0,0,0,0,0,0,0,0,0,7531,7528,7542,6740,6742,6742,11509
0,0,0,0,0,0,0,0,0,7542,7531,7545,6742,6747,6747,11510
0,0,0,0,0,0,0,0,0,7544,7544,7547,11817,11815,11815,6366
0,0,0,0,0,0,0,0,0,7545,7545,7553,11821,11821,11817,6367
0,0,0,0,0,0,0,0,0,7555,7547,7554,11824,11824,11821,6372
0,0,0,0,0,0,0,0,0,7556,7553,7555,11831,11831,11831,6383
0,0,0,0,0,0,0,0,0,12443,7554,7556,11844,11844,11844,6389
0,0,0,0,0,0,0,0,0,12445,7556,12443,11845,11845,11845,6391
0,0,0,0,0,0,0,0,0,12448,12448,12445,11846,11846,11846,6393
0,0,0,0,0,0,0,0,0,12449,12449,12448,6753,6753,6753,6398
0,0,0,0,0,0,0,0,0,7561,7562,7561,6754,6754,6754,6400
0,0,0,0,0,0,0,0,0,7562,7564,7564,6803,6803,6803,11517
0,0,0,0,0,0,0,0,0,7567,7565,7565,6806,6806,6806,11519
0,0,0,0,0,0,0,0,0,7577,7577,7567,6829,6827,6827,11522
0,0,0,0,0,0,0,0,0,7580,7581,7577,6862,6829,6862,11525
0,0,0,0,0,0,0,0,0,7583,7582,7580,11861,6862,11861,11529
0,0,0,0,0,0,0,0,0,7584,7583,7581,11903,11861,11903,11538
0,0,0,0,0,0,0,0,0,7587,7584,7582,11911,11911,11911,6401
0,0,0,0,0,0,0,0,0,12452,7587,7584,11916,11912,11912,6421
0,0,0,0,0,0,0,0,0,12455,12455,7587,11924,11916,11924,6424
0,0,0,0,0,0,0,0,0,12457,12457,12452,11929,11929,11929,6426
0,0,0,0,0,0,0,0,0,7598,7600,7598,11945,11945,11945,6439
0,0,0,0,0,0,0,0,0,7600,7603,7606,6884,6886,6884,6441
0,0,0,0,0,0,0,0,0,7603,7606,7609,6886,6887,6886,6446
0,0,0,0,0,0,0,0,0,7609,7610,7610,6887,6902,6902,6452
0,0,0,0,0,0,0,0,0,7616,7616,7621,6902,6904,6914,11539
0,0,0,0,0,0,0,0,0,7624,7621,7623,6904,6914,6917,11542
0,0,0,0,0,0,0,0,0,12462,7623,7624,6914,6917,6937,11543
0,0,0,0,0,0,0,0,0,12465,7624,12462,6917,6937,6945,11549
0,0,0,0,0,0,0,0,0,12467,12465,12465,6937,6945,6962,11555
0,0,0,0,0,0,0,0,0,12468,12468,12467,6945,6962,7020,11570
0,0,0,0,0,0,0,0,0,12470,12470,12470,7020,7020,12018,11575
0,0,0,0,0,0,0,0,0,7636,7635,7635,12018,12018,12020,6459
0,0,0,0,0,0,0,0,0,7649,7636,7649,12020,12037,12037,6470
0,0,0,0,0,0,0,0,0,7652,7649,7650,12037,12068,12068,6498
0,0,0,0,0,0,0,0,0,7670,7650,7652,7031,7031,7031,6530
0,0,0,0,0,0,0,0,0,12471,7655,7655,7034,7034,7034,6545
0,0,0,0,0,0,0,0,0,12477,7662,7662,7039,7039,7041,6559
0,0,0,0,0,0,0,0,0,12478,7670,12471,7041,7041,7050,11579
0,0,0,0,0,0,0,0,0,12480,12471,12478,7050,7056,7056,11581
0,0,0,0,0,0,0,0,0,12486,12477,12480,7056,12092,7060,11593
0,0,0,0,0,0,0,0,0,12493,12480,12493,7060,12094,12092,11615
0,0,0,0,0,0,0,0,0,12500,12486,12500,12092,12095,12095,11645
0,0,0,0,0,0,0,0,0,7675,7672,7672,12094,12102,12102,11694
0,0,0,0,0,0,0,0,0,7680,7676,7675,12110,12110,12110,11698
0,0,0,0,0,0,0,0,0,7682,7680,7676,12111,12111,12111,11700
0,0,0,0,0,0,0,0,0,7686,7681,7680,12114,12114,12114,11702
0,0,0,0,0,0,0,0,0,7688,7686,7681,12115,12115,12115,6580
0,0,0,0,0,0,0,0,0,7691,7688,7682,7070,7070,7070,6581
0,0,0,0,0,0,0,0,0,7694,7691,7688,7071,7071,7073,6584
0,0,0,0,0,0,0,0,0,7696,7694,7691,7075,7073,7075,6585
0,0,0,0,0,0,0,0,0,7704,7701,7696,7080,7075,7080,6588
0,0,0,0,0,0,0,0,0,12502,12502,7701,7083,7080,7083,6591
0,0,0,0,0,0,0,0,0,12503,12503,7704,7087,7083,7087,6592
0,0,0,0,0,0,0,0,0,0,0,0,7088,7087,7088,6593
0,0,0,0,0,0,0,0,0,0,0,0,7094,7088,7094,6599
0,0,0,0,0,0,0,0,0,0,0,0,7102,7094,7100,6601
0,0,0,0,0,0,0,0,0,0,0,0,7103,7100,7102,6604
0,0,0,0,0,0,0,0,0,0,0,0,7110,7102,7103,6606
0,0,0,0,0,0,0,0,0,0,0,0,7119,7119,7110,6608
0,0,0,0,0,0,0,0,0,0,0,0,12117,12117,12117,6610
0,0,0,0,0,0,0,0,0,0,0,0,7134,7134,7134,11708
0,0,0,0,0,0,0,0,0,0,0,0,7150,7150,7150,6614
0,0,0,0,0,0,0,0,0,0,0,0,7162,7162,7162,6616
0,0,0,0,0,0,0,0,0,0,0,0,7185,7195,7185,6621
0,0,0,0,0,0,0,0,0,0,0,0,7195,7214,7195,6624
0,0,0,0,0,0,0,0,0,0,0,0,7243,7243,7214,6625
0,0,0,0,0,0,0,0,0,0,0,0,12124,12124,7243,6627
0,0,0,0,0,0,0,0,0,0,0,0,12142,12142,12142,6629
0,0,0,0,0,0,0,0,0,0,0,0,12166,12166,12166,6635
0,0,0,0,0,0,0,0,0,0,0,0,12170,12170,12170,6638
0,0,0,0,0,0,0,0,0,0,0,0,12213,12205,12205,6639
0,0,0,0,0,0,0,0,0,0,0,0,12214,12213,12214,6641
0,0,0,0,0,0,0,0,0,0,0,0,12233,12214,12233,11714
0,0,0,0,0,0,0,0,0,0,0,0,7254,7254,7256,11716
0,0,0,0,0,0,0,0,0,0,0,0,7256,7256,7257,11717
0,0,0,0,0,0,0,0,0,0,0,0,7257,7257,7285,11720
0,0,0,0,0,0,0,0,0,0,0,0,7300,7285,7300,6648
0,0,0,0,0,0,0,0,0,0,0,0,7310,7310,7310,6649
0,0,0,0,0,0,0,0,0,0,0,0,7317,7317,7317,6670
0,0,0,0,0,0,0,0,0,0,0,0,7341,7341,7341,6674
0,0,0,0,0,0,0,0,0,0,0,0,7344,7344,7344,6686
0,0,0,0,0,0,0,0,0,0,0,0,7347,7347,7347,11737
0,0,0,0,0,0,0,0,0,0,0,0,12254,7364,7364,11738
0,0,0,0,0,0,0,0,0,0,0,0,12265,12254,12254,11747
0,0,0,0,0,0,0,0,0,0,0,0,12296,12265,12265,11752
0,0,0,0,0,0,0,0,0,0,0,0,12298,12296,12298,11768
0,0,0,0,0,0,0,0,0,0,0,0,7376,7391,7376,11773
0,0,0,0,0,0,0,0,0,0,0,0,7391,7396,7391,11782
0,0,0,0,0,0,0,0,0,0,0,0,7396,7404,7396,11784
0,0,0,0,0,0,0,0,0,0,0,0,7404,7434,7404,11789
0,0,0,0,0,0,0,0,0,0,0,0,7434,7436,7434,11807
0,0,0,0,0,0,0,0,0,0,0,0,7436,7441,7436,6707
0,0,0,0,0,0,0,0,0,0,0,0,7441,7478,7476,6717
0,0,0,0,0,0,0,0,0,0,0,0,7476,12312,7478,6718
0,0,0,0,0,0,0,0,0,0,0,0,7478,12317,12312,6731
0,0,0,0,0,0,0,0,0,0,0,0,12312,12352,12317,6740
0,0,0,0,0,0,0,0,0,0,0,0,12352,12378,12352,6742
0,0,0,0,0,0,0,0,0,0,0,0,12378,12385,12385,6747
0,0,0,0,0,0,0,0,0,0,0,0,12387,12387,12387,11815
0,0,0,0,0,0,0,0,0,0,0,0,7488,7484,7484,11817
0,0,0,0,0,0,0,0,0,0,0,0,7507,7488,7488,11821
0,0,0,0,0,0,0,0,0,0,0,0,7509,7498,7498,11824
0,0,0,0,0,0,0,0,0,0,0,0,7513,7507,7507,11831
0,0,0,0,0,0,0,0,0,0,0,0,7518,7509,7513,11844
0,0,0,0,0,0,0,0,0,0,0,0,7521,7513,7518,11845
0,0,0,0,0,0,0,0,0,0,0,0,7522,7518,7521,11846
0,0,0,0,0,0,0,0,0,0,0,0,12405,7521,7522,6753
0,0,0,0,0,0,0,0,0,0,0,0,12411,7522,12405,6754
0,0,0,0,0,0,0,0,0,0,0,0,12415,12411,12411,6803
0,0,0,0,0,0,0,0,0,0,0,0,12421,12421,12415,6806
0,0,0,0,0,0,0,0,0,0,0,0,12433,12433,12433,6827
0,0,0,0,0,0,0,0,0,0,0,0,12437,12437,12437,6829
0,0,0,0,0,0,0,0,0,0,0,0,7524,7524,7524,6862
0,0,0,0,0,0,0,0,0,0,0,0,7528,7528,7528,11861
0,0,0,0,0,0,0,0,0,0,0,0,7531,7531,7542,11903
0,0,0,0,0,0,0,0,0,0,0,0,7542,7544,7544,11911
0,0,0,0,0,0,0,0,0,0,0,0,7544,7545,7545,11912
0,0,0,0,0,0,0,0,0,0,0,0,7545,7547,7547,11916
0,0,0,0,0,0,0,0,0,0,0,0,7553,7553,7553,11924
0,0,0,0,0,0,0,0,0,0,0,0,7554,7554,7554,11929
0,0,0,0,0,0,0,0,0,0,0,0,7556,7555,7555,11945
0,0,0,0,0,0,0,0,0,0,0,0,12443,7556,7556,6884
0,0,0,0,0,0,0,0,0,0,0,0,12445,12445,12443,6886
0,0,0,0,0,0,0,0,0,0,0,0,12448,12448,12448,6887
0,0,0,0,0,0,0,0,0,0,0,0,12449,12449,12449,6902
0,0,0,0,0,0,0,0,0,0,0,0,7561,7562,7561,6904
0,0,0,0,0,0,0,0,0,0,0,0,7562,7564,7562,6914
0,0,0,0,0,0,0,0,0,0,0,0,7564,7565,7564,6917
0,0,0,0,0,0,0,0,0,0,0,0,7567,7567,7565,6937
0,0,0,0,0,0,0,0,0,0,0,0,7577,7577,7577,6945
0,0,0,0,0,0,0,0,0,0,0,0,7580,7581,7580,6962
0,0,0,0,0,0,0,0,0,0,0,0,7581,7582,7581,7020
0,0,0,0,0,0,0,0,0,0,0,0,7582,7583,7582,12018
0,0,0,0,0,0,0,0,0,0,0,0,7583,7584,7584,12020
0,0,0,0,0,0,0,0,0,0,0,0,7584,7587,7587,12037
0,0,0,0,0,0,0,0,0,0,0,0,7587,12452,12452,12068
0,0,0,0,0,0,0,0,0,0,0,0,12455,12455,12455,7031
0,0,0,0,0,0,0,0,0,0,0,0,12457,12457,12457,7034
0,0,0,0,0,0,0,0,0,0,0,0,7600,7598,7598,7039
0,0,0,0,0,0,0,0,0,0,0,0,7603,7600,7600,7041
0,0,0,0,0,0,0,0,0,0,0,0,7606,7603,7603,7050
0,0,0,0,0,0,0,0,0,0,0,0,7609,7606,7606,7056
0,0,0,0,0,0,0,0,0,0,0,0,7616,7609,7610,7060
0,0,0,0,0,0,0,0,0,0,0,0,7621,7610,7621,12092
0,0,0,0,0,0,0,0,0,0,0,0,7623,7616,7623,12094
0,0,0,0,0,0,0,0,0,0,0,0,7624,7621,7624,12095
0,0,0,0,0,0,0,0,0,0,0,0,12462,7623,12462,12102
0,0,0,0,0,0,0,0,0,0,0,0,12465,7624,12465,12110
0,0,0,0,0,0,0,0,0,0,0,0,12467,12465,12467,12111
0,0,0,0,0,0,0,0,0,0,0,0,12468,12468,12468,12114
0,0,0,0,0,0,0,0,0,0,0,0,12470,12470,12470,12115
0,0,0,0,0,0,0,0,0,0,0,0,7635,7635,7635,7070
0,0,0,0,0,0,0,0,0,0,0,0,7636,7636,7636,7071
0,0,0,0,0,0,0,0,0,0,0,0,7649,7649,7649,7073
0,0,0,0,0,0,0,0,0,0,0,0,7650,7650,7650,7075
0,0,0,0,0,0,0,0,0,0,0,0,7652,7655,7652,7080
0,0,0,0,0,0,0,0,0,0,0,0,7655,7662,7655,7083
0,0,0,0,0,0,0,0,0,0,0,0,7670,7670,7662,7087
0,0,0,0,0,0,0,0,0,0,0,0,12471,12471,7670,7088
0,0,0,0,0,0,0,0,0,0,0,0,12477,12477,12471,7094
0,0,0,0,0,0,0,0,0,0,0,0,12478,12478,12477,7100
0,0,0,0,0,0,0,0,0,0,0,0,12480,12480,12480,7102
0,0,0,0,0,0,0,0,0,0,0,0,12486,12486,12493,7103
0,0,0,0,0,0,0,0,0,0,0,0,12493,12500,12500,7110
0,0,0,0,0,0,0,0,0,0,0,0,7675,7672,7672,7119
0,0,0,0,0,0,0,0,0,0,0,0,7676,7675,7676,12117
0,0,0,0,0,0,0,0,0,0,0,0,7680,7676,7680,7134
0,0,0,0,0,0,0,0,0,0,0,0,7681,7680,7681,7150
0,0,0,0,0,0,0,0,0,0,0,0,7682,7681,7682,7162
0,0,0,0,0,0,0,0,0,0,0,0,7686,7686,7686,7185
0,0,0,0,0,0,0,0,0,0,0,0,7688,7688,7688,7195
0,0,0,0,0,0,0,0,0,0,0,0,7691,7691,7691,7214
0,0,0,0,0,0,0,0,0,0,0,0,7694,7694,7694,7243
0,0,0,0,0,0,0,0,0,0,0,0,7701,7696,7696,12124
0,0,0,0,0,0,0,0,0,0,0,0,7704,7701,7701,12142
0,0,0,0,0,0,0,0,0,0,0,0,12502,12502,7704,12166
0,0,0,0,0,0,0,0,0,0,0,0,12503,12503,12502,12170
0,0,0,0,0,0,0,0,0,0,0,0,0,0,0,12205
0,0,0,0,0,0,0,0,0,0,0,0,0,0,0,12213
0,0,0,0,0,0,0,0,0,0,0,0,0,0,0,12214
0,0,0,0,0,0,0,0,0,0,0,0,0,0,0,12233
0,0,0,0,0,0,0,0,0,0,0,0,0,0,0,7254
0,0,0,0,0,0,0,0,0,0,0,0,0,0,0,7256
0,0,0,0,0,0,0,0,0,0,0,0,0,0,0,7257
0,0,0,0,0,0,0,0,0,0,0,0,0,0,0,7285
0,0,0,0,0,0,0,0,0,0,0,0,0,0,0,7300
0,0,0,0,0,0,0,0,0,0,0,0,0,0,0,7310
0,0,0,0,0,0,0,0,0,0,0,0,0,0,0,7317
0,0,0,0,0,0,0,0,0,0,0,0,0,0,0,7341
0,0,0,0,0,0,0,0,0,0,0,0,0,0,0,7344
0,0,0,0,0,0,0,0,0,0,0,0,0,0,0,7347
0,0,0,0,0,0,0,0,0,0,0,0,0,0,0,7364
0,0,0,0,0,0,0,0,0,0,0,0,0,0,0,12254
0,0,0,0,0,0,0,0,0,0,0,0,0,0,0,12265
0,0,0,0,0,0,0,0,0,0,0,0,0,0,0,12296
0,0,0,0,0,0,0,0,0,0,0,0,0,0,0,12298
0,0,0,0,0,0,0,0,0,0,0,0,0,0,0,7376
0,0,0,0,0,0,0,0,0,0,0,0,0,0,0,7391
0,0,0,0,0,0,0,0,0,0,0,0,0,0,0,7396
0,0,0,0,0,0,0,0,0,0,0,0,0,0,0,7404
0,0,0,0,0,0,0,0,0,0,0,0,0,0,0,7434
0,0,0,0,0,0,0,0,0,0,0,0,0,0,0,7436
0,0,0,0,0,0,0,0,0,0,0,0,0,0,0,7441
0,0,0,0,0,0,0,0,0,0,0,0,0,0,0,7476
0,0,0,0,0,0,0,0,0,0,0,0,0,0,0,7478
0,0,0,0,0,0,0,0,0,0,0,0,0,0,0,12312
0,0,0,0,0,0,0,0,0,0,0,0,0,0,0,12317
0,0,0,0,0,0,0,0,0,0,0,0,0,0,0,12352
0,0,0,0,0,0,0,0,0,0,0,0,0,0,0,12378
0,0,0,0,0,0,0,0,0,0,0,0,0,0,0,12385
0,0,0,0,0,0,0,0,0,0,0,0,0,0,0,12387
0,0,0,0,0,0,0,0,0,0,0,0,0,0,0,7484
0,0,0,0,0,0,0,0,0,0,0,0,0,0,0,7488
0,0,0,0,0,0,0,0,0,0,0,0,0,0,0,7498
0,0,0,0,0,0,0,0,0,0,0,0,0,0,0,7507
0,0,0,0,0,0,0,0,0,0,0,0,0,0,0,7509
0,0,0,0,0,0,0,0,0,0,0,0,0,0,0,7513
0,0,0,0,0,0,0,0,0,0,0,0,0,0,0,7518
0,0,0,0,0,0,0,0,0,0,0,0,0,0,0,7521
0,0,0,0,0,0,0,0,0,0,0,0,0,0,0,7522
0,0,0,0,0,0,0,0,0,0,0,0,0,0,0,12405
0,0,0,0,0,0,0,0,0,0,0,0,0,0,0,12411
0,0,0,0,0,0,0,0,0,0,0,0,0,0,0,12415
0,0,0,0,0,0,0,0,0,0,0,0,0,0,0,12421
0,0,0,0,0,0,0,0,0,0,0,0,0,0,0,12433
0,0,0,0,0,0,0,0,0,0,0,0,0,0,0,12437
0,0,0,0,0,0,0,0,0,0,0,0,0,0,0,7524
0,0,0,0,0,0,0,0,0,0,0,0,0,0,0,7528
0,0,0,0,0,0,0,0,0,0,0,0,0,0,0,7531
0,0,0,0,0,0,0,0,0,0,0,0,0,0,0,7542
0,0,0,0,0,0,0,0,0,0,0,0,0,0,0,7544
0,0,0,0,0,0,0,0,0,0,0,0,0,0,0,7545
0,0,0,0,0,0,0,0,0,0,0,0,0,0,0,7547
0,0,0,0,0,0,0,0,0,0,0,0,0,0,0,7553
0,0,0,0,0,0,0,0,0,0,0,0,0,0,0,7554
0,0,0,0,0,0,0,0,0,0,0,0,0,0,0,7555
0,0,0,0,0,0,0,0,0,0,0,0,0,0,0,7556
0,0,0,0,0,0,0,0,0,0,0,0,0,0,0,12443
0,0,0,0,0,0,0,0,0,0,0,0,0,0,0,12445
0,0,0,0,0,0,0,0,0,0,0,0,0,0,0,12448
0,0,0,0,0,0,0,0,0,0,0,0,0,0,0,12449
0,0,0,0,0,0,0,0,0,0,0,0,0,0,0,7561
0,0,0,0,0,0,0,0,0,0,0,0,0,0,0,7562
0,0,0,0,0,0,0,0,0,0,0,0,0,0,0,7564
0,0,0,0,0,0,0,0,0,0,0,0,0,0,0,7565
0,0,0,0,0,0,0,0,0,0,0,0,0,0,0,7567
0,0,0,0,0,0,0,0,0,0,0,0,0,0,0,7577
0,0,0,0,0,0,0,0,0,0,0,0,0,0,0,7580
0,0,0,0,0,0,0,0,0,0,0,0,0,0,0,7581
0,0,0,0,0,0,0,0,0,0,0,0,0,0,0,7582
0,0,0,0,0,0,0,0,0,0,0,0,0,0,0,7583
0,0,0,0,0,0,0,0,0,0,0,0,0,0,0,7584
0,0,0,0,0,0,0,0,0,0,0,0,0,0,0,7587
0,0,0,0,0,0,0,0,0,0,0,0,0,0,0,12452
0,0,0,0,0,0,0,0,0,0,0,0,0,0,0,12455
0,0,0,0,0,0,0,0,0,0,0,0,0,0,0,12457
0,0,0,0,0,0,0,0,0,0,0,0,0,0,0,7598
0,0,0,0,0,0,0,0,0,0,0,0,0,0,0,7600
0,0,0,0,0,0,0,0,0,0,0,0,0,0,0,7603
0,0,0,0,0,0,0,0,0,0,0,0,0,0,0,7606
0,0,0,0,0,0,0,0,0,0,0,0,0,0,0,7609
0,0,0,0,0,0,0,0,0,0,0,0,0,0,0,7610
0,0,0,0,0,0,0,0,0,0,0,0,0,0,0,7616
0,0,0,0,0,0,0,0,0,0,0,0,0,0,0,7621
0,0,0,0,0,0,0,0,0,0,0,0,0,0,0,7623
0,0,0,0,0,0,0,0,0,0,0,0,0,0,0,7624
0,0,0,0,0,0,0,0,0,0,0,0,0,0,0,12462
0,0,0,0,0,0,0,0,0,0,0,0,0,0,0,12465
0,0,0,0,0,0,0,0,0,0,0,0,0,0,0,12467
0,0,0,0,0,0,0,0,0,0,0,0,0,0,0,12468
0,0,0,0,0,0,0,0,0,0,0,0,0,0,0,12470
0,0,0,0,0,0,0,0,0,0,0,0,0,0,0,7635
0,0,0,0,0,0,0,0,0,0,0,0,0,0,0,7636
0,0,0,0,0,0,0,0,0,0,0,0,0,0,0,7649
0,0,0,0,0,0,0,0,0,0,0,0,0,0,0,7650
0,0,0,0,0,0,0,0,0,0,0,0,0,0,0,7652
0,0,0,0,0,0,0,0,0,0,0,0,0,0,0,7655
0,0,0,0,0,0,0,0,0,0,0,0,0,0,0,7662
0,0,0,0,0,0,0,0,0,0,0,0,0,0,0,7670
0,0,0,0,0,0,0,0,0,0,0,0,0,0,0,12471
0,0,0,0,0,0,0,0,0,0,0,0,0,0,0,12477
0,0,0,0,0,0,0,0,0,0,0,0,0,0,0,12478
0,0,0,0,0,0,0,0,0,0,0,0,0,0,0,12480
0,0,0,0,0,0,0,0,0,0,0,0,0,0,0,12486
0,0,0,0,0,0,0,0,0,0,0,0,0,0,0,12493
0,0,0,0,0,0,0,0,0,0,0,0,0,0,0,12500
0,0,0,0,0,0,0,0,0,0,0,0,0,0,0,7672
0,0,0,0,0,0,0,0,0,0,0,0,0,0,0,7675
0,0,0,0,0,0,0,0,0,0,0,0,0,0,0,7676
0,0,0,0,0,0,0,0,0,0,0,0,0,0,0,7680
0,0,0,0,0,0,0,0,0,0,0,0,0,0,0,7681
0,0,0,0,0,0,0,0,0,0,0,0,0,0,0,7682
0,0,0,0,0,0,0,0,0,0,0,0,0,0,0,7686
0,0,0,0,0,0,0,0,0,0,0,0,0,0,0,7688
0,0,0,0,0,0,0,0,0,0,0,0,0,0,0,7691
0,0,0,0,0,0,0,0,0,0,0,0,0,0,0,7694
0,0,0,0,0,0,0,0,0,0,0,0,0,0,0,7696
0,0,0,0,0,0,0,0,0,0,0,0,0,0,0,7701
0,0,0,0,0,0,0,0,0,0,0,0,0,0,0,7704
0,0,0,0,0,0,0,0,0,0,0,0,0,0,0,12502
0,0,0,0,0,0,0,0,0,0,0,0,0,0,0,12503
