14,14,14,14,14,14,14,14,14,14,14,14,14,14,14,14
21,21,21,21,21,21,21,21,21,21,21,21,21,21,21,21
22,22,22,22,22,22,22,22,22,22,22,22,22,22,22,22
24,24,24,24,24,24,24,24,24,24,24,24,24,24,24,24
27,27,27,27,27,27,27,27,27,27,27,27,27,27,27,27
36,36,36,36,36,36,36,36,36,36,36,36,36,36,36,36
51,51,51,51,51,51,51,51,51,51,51,51,51,51,51,51
57,57,57,57,57,57,57,57,57,57,57,57,57,57,57,57
58,58,58,58,58,58,58,58,58,58,58,58,58,58,58,58
69,69,69,69,69,69,69,69,69,69,69,69,69,69,69,69
81,81,81,81,81,81,81,81,81,81,81,81,81,81,81,81
87,87,87,87,87,87,87,87,87,87,87,87,87,87,87,87
95,95,95,95,95,95,95,95,95,95,95,95,95,95,95,95
96,96,96,96,96,96,96,96,96,96,96,96,96,96,96,96
104,104,104,104,104,104,104,104,104,104,104,104,104,104,104,104
110,110,110,110,110,110,110,110,110,110,110,110,110,110,110,110
119,119,119,119,119,119,119,119,119,119,119,119,119,119,119,119
120,120,120,120,120,120,120,120,120,120,120,120,120,120,120,120
124,124,124,124,124,124,124,124,124,124,124,124,124,124,124,124
131,131,131,131,131,131,131,131,131,131,131,131,131,131,131,131
141,141,141,141,141,141,141,141,141,141,141,141,141,141,141,141
142,142,142,142,142,142,142,142,142,142,142,142,142,142,142,142
150,150,150,150,150,150,150,150,150,150,150,150,150,150,150,150
157,157,157,157,157,157,157,157,157,157,157,157,157,157,157,157
158,158,158,158,158,158,158,158,158,158,158,158,158,158,158,158
160,160,160,160,160,160,160,160,160,160,160,160,160,160,160,160
162,162,162,162,162,162,162,162,162,162,162,162,162,162,162,162
163,163,163,163,163,163,163,163,163,163,163,163,163,163,163,163
166,166,166,166,166,166,166,166,166,166,166,166,166,166,166,166
181,181,181,181,181,181,181,181,181,181,181,181,181,181,181,181
189,189,189,189,189,189,189,189,189,189,189,189,189,189,189,189
196,196,196,196,196,196,196,196,196,196,196,196,196,196,196,196
200,200,200,200,200,200,200,200,200,200,200,200,200,200,200,200
211,211,211,211,211,211,211,211,211,211,211,211,211,211,211,211
213,213,213,213,213,213,213,213,213,213,213,213,213,213,213,213
214,214,214,214,214,214,214,214,214,214,214,214,214,214,214,214
215,215,215,215,215,215,215,215,215,215,215,215,215,215,215,215
219,219,219,219,219,219,219,219,219,219,219,219,219,219,219,219
220,220,220,220,220,220,220,220,220,220,220,220,220,220,220,220
226,226,226,226,226,226,226,226,226,226,226,226,226,226,226,226
228,228,228,228,228,228,228,228,228,228,228,228,228,228,228,228
241,241,241,241,241,241,241,241,241,241,241,241,241,241,241,241
242,242,242,242,242,242,242,242,242,242,242,242,242,242,242,242
252,252,252,252,252,252,252,252,252,252,252,252,252,252,252,252
253,253,253,253,253,253,253,253,253,253,253,253,253,253,253,253
256,256,256,256,256,256,256,256,256,256,256,256,256,256,256,256
265,265,265,265,265,265,265,265,265,265,265,265,265,265,265,265
269,269,269,269,269,269,269,269,269,269,269,269,269,269,269,269
270,270,270,270,270,270,270,270,270,270,270,270,270,270,270,270
272,272,272,272,272,272,272,272,272,272,272,272,272,272,272,272
274,274,274,274,274,274,274,274,274,274,274,274,274,274,274,274
277,277,277,277,277,277,277,277,277,277,277,277,277,277,277,277
281,281,281,281,281,281,281,281,281,281,281,281,281,281,281,281
283,283,283,283,283,283,283,283,283,283,283,283,283,283,283,283
284,284,284,284,284,284,284,284,284,284,284,284,284,284,284,284
289,289,289,289,289,289,289,289,289,289,289,289,289,289,289,289
292,292,292,292,292,292,292,292,292,292,292,292,292,292,292,292
298,298,298,298,298,298,298,298,298,298,298,298,298,298,298,298
302,302,302,302,302,302,302,302,302,302,302,302,302,302,302,302
303,303,303,303,303,303,303,303,303,303,303,303,303,303,303,303
309,309,309,309,309,309,309,309,309,309,309,309,309,309,309,309
310,310,310,310,310,310,310,310,310,310,310,310,310,310,310,310
312,312,312,312,312,312,312,312,312,312,312,312,312,312,312,312
313,313,313,313,313,313,313,313,313,313,313,313,313,313,313,313
314,314,314,314,314,314,314,314,314,314,314,314,314,314,314,314
318,318,318,318,318,318,318,318,318,318,318,318,318,318,318,318
321,321,321,321,321,321,321,321,321,321,321,321,321,321,321,321
330,330,330,330,330,330,330,330,330,330,330,330,330,330,330,330
336,336,336,336,336,336,336,336,336,336,336,336,336,336,336,336
337,337,337,337,337,337,337,337,337,337,337,337,337,337,337,337
339,339,339,339,339,339,339,339,339,339,339,339,339,339,339,339
343,343,343,343,343,343,343,343,343,343,343,343,343,343,343,343
344,344,344,344,344,344,344,344,344,344,344,344,344,344,344,344
349,349,349,349,349,349,349,349,349,349,349,349,349,349,349,349
350,350,350,350,350,350,350,350,350,350,350,350,350,350,350,350
361,361,361,361,361,361,361,361,361,361,361,361,361,361,361,361
370,370,370,370,370,370,370,370,370,370,370,370,370,370,370,370
377,377,377,377,377,377,377,377,377,377,377,377,377,377,377,377
382,382,382,382,382,382,382,382,382,382,382,382,382,382,382,382
386,386,386,386,386,386,386,386,386,386,386,386,386,386,386,386
388,388,388,388,388,388,388,388,388,388,388,388,388,388,388,388
390,390,390,390,390,390,390,390,390,390,390,390,390,390,390,390
391,391,391,391,391,391,391,391,391,391,391,391,391,391,391,391
396,396,396,396,396,396,396,396,396,396,396,396,396,396,396,396
397,397,397,397,397,397,397,397,397,397,397,397,397,397,397,397
398,398,398,398,398,398,398,398,398,398,398,398,398,398,398,398
399,399,399,399,399,399,399,399,399,399,399,399,399,399,399,399
400,400,400,400,400,400,400,400,400,400,400,400,400,400,400,400
407,407,407,407,407,407,407,407,407,407,407,407,407,407,407,407
413,413,413,413,413,413,413,413,413,413,413,413,413,413,413,413
421,421,421,421,421,421,421,421,421,421,421,421,421,421,421,421
425,425,425,425,425,425,425,425,425,425,425,425,425,425,425,425
428,428,428,428,428,428,428,428,428,428,428,428,428,428,428,428
433,433,433,433,433,433,433,433,433,433,433,433,433,433,433,433
437,437,437,437,437,437,437,437,437,437,437,437,437,437,437,437
449,449,449,449,449,449,449,449,449,449,449,449,449,449,449,449
452,452,452,452,452,452,452,452,452,452,452,452,452,452,452,452
453,453,453,453,453,453,453,453,453,453,453,453,453,453,453,453
463,463,463,463,463,463,463,463,463,463,463,463,463,463,463,463
465,465,465,465,465,465,465,465,465,465,465,465,465,465,465,465
468,468,468,468,468,468,468,468,468,468,468,468,468,468,468,468
469,469,469,469,469,469,469,469,469,469,469,469,469,469,469,469
470,470,470,470,470,470,470,470,470,470,470,470,470,470,470,470
472,472,472,472,472,472,472,472,472,472,472,472,472,472,472,472
478,478,478,478,478,478,478,478,478,478,478,478,478,478,478,478
484,484,484,484,484,484,484,484,484,484,484,484,484,484,484,484
487,487,487,487,487,487,487,487,487,487,487,487,487,487,487,487
495,495,495,495,495,495,495,495,495,495,495,495,495,495,495,495
497,497,497,497,497,497,497,497,497,497,497,497,497,497,497,497
498,498,498,498,498,498,498,498,498,498,498,498,498,498,498,498
501,501,501,501,501,501,501,501,501,501,501,501,501,501,501,501
503,503,503,503,503,503,503,503,503,503,503,503,503,503,503,503
509,509,509,509,509,509,509,509,509,509,509,509,509,509,509,509
512,512,512,512,512,512,512,512,512,512,512,512,512,512,512,512
517,517,517,517,517,517,517,517,517,517,517,517,517,517,517,517
518,518,518,518,518,518,518,518,518,518,518,518,518,518,518,518
519,519,519,519,519,519,519,519,519,519,519,519,519,519,519,519
521,521,521,521,521,521,521,521,521,521,521,521,521,521,521,521
524,524,524,524,524,524,524,524,524,524,524,524,524,524,524,524
526,526,526,526,526,526,526,526,526,526,526,526,526,526,526,526
528,528,528,528,528,528,528,528,528,528,528,528,528,528,528,528
532,532,532,532,532,532,532,532,532,532,532,532,532,532,532,532
533,533,533,533,533,533,533,533,533,533,533,533,533,533,533,533
537,537,537,537,537,537,537,537,537,537,537,537,537,537,537,537
539,539,539,539,539,539,539,539,539,539,539,539,539,539,539,539
541,541,541,541,541,541,541,541,541,541,541,541,541,541,541,541
543,543,543,543,543,543,543,543,543,543,543,543,543,543,543,543
544,544,544,544,544,544,544,544,544,544,544,544,544,544,544,544
548,548,548,548,548,548,548,548,548,548,548,548,548,548,548,548
549,549,549,549,549,549,549,549,549,549,549,549,549,549,549,549
551,551,551,551,551,551,551,551,551,551,551,551,551,551,551,551
552,552,552,552,552,552,552,552,552,552,552,552,552,552,552,552
554,554,554,554,554,554,554,554,554,554,554,554,554,554,554,554
555,555,555,555,555,555,555,555,555,555,555,555,555,555,555,555
559,559,559,559,559,559,559,559,559,559,559,559,559,559,559,559
560,560,560,560,560,560,560,560,560,560,560,560,560,560,560,560
563,563,563,563,563,563,563,563,563,563,563,563,563,563,563,563
565,565,565,565,565,565,565,565,565,565,565,565,565,565,565,565
566,566,566,566,566,566,566,566,566,566,566,566,566,566,566,566
569,569,569,569,569,569,569,569,569,569,569,569,569,569,569,569
572,572,572,572,572,572,572,572,572,572,572,572,572,572,572,572
573,573,573,573,573,573,573,573,573,573,573,573,573,573,573,573
574,574,574,574,574,574,574,574,574,574,574,574,574,574,574,574
577,577,577,577,577,577,577,577,577,577,577,577,577,577,577,577
578,578,578,578,578,578,578,578,578,578,578,578,578,578,578,578
581,581,581,581,581,581,581,581,581,581,581,581,581,581,581,581
583,583,583,583,583,583,583,583,583,583,583,583,583,583,583,583
584,584,584,584,584,584,584,584,584,584,584,584,584,584,584,584
586,586,586,586,586,586,586,586,586,586,586,586,586,586,586,586
587,587,587,587,587,587,587,587,587,587,587,587,587,587,587,587
637,637,637,637,637,637,637,637,637,637,637,637,637,637,637,637
648,648,648,648,648,648,648,648,648,648,648,648,648,648,648,648
658,658,658,658,658,658,658,658,658,658,658,658,658,658,658,658
661,661,661,661,661,661,661,661,661,661,661,661,661,661,661,661
697,697,697,697,697,697,697,697,697,697,697,697,697,697,697,697
725,725,725,725,725,725,725,725,725,725,725,725,725,725,725,725
728,728,728,728,728,728,728,728,728,728,728,728,728,728,728,728
781,781,781,781,781,781,781,781,781,781,781,781,781,781,781,781
864,864,864,864,864,864,864,864,864,864,864,864,864,864,864,864
892,892,892,892,892,892,892,892,892,892,892,892,892,892,892,892
913,913,913,913,913,913,913,913,913,913,913,913,913,913,913,913
979,979,979,979,979,979,979,979,979,979,979,979,979,979,979,979
1004,1004,1004,1004,1004,1004,1004,1004,1004,1004,1004,1004,1004,1004,1004,1004
1067,1067,1067,1067,1067,1067,1067,1067,1067,1067,1067,1067,1067,1067,1067,1067
1151,1151,1151,1151,1151,1151,1151,1151,1151,1151,1151,1151,1151,1151,1151,1151
1160,1160,1160,1160,1160,1160,1160,1160,1160,1160,1160,1160,1160,1160,1160,1160
1161,1161,1161,1161,1161,1161,1161,1161,1161,1161,1161,1161,1161,1161,1161,1161
1170,1170,1170,1170,1170,1170,1170,1170,1170,1170,1170,1170,1170,1170,1170,1170
1181,1181,1181,1181,1181,1181,1181,1181,1181,1181,1181,1181,1181,1181,1181,1181
1188,1188,1188,1188,1188,1188,1188,1188,1188,1188,1188,1188,1188,1188,1188,1188
1190,1190,1190,1190,1190,1190,1190,1190,1190,1190,1190,1190,1190,1190,1190,1190
1203,1203,1203,1203,1203,1203,1203,1203,1203,1203,1203,1203,1203,1203,1203,1203
1206,1206,1206,1206,1206,1206,1206,1206,1206,1206,1206,1206,1206,1206,1206,1206
1236,1236,1236,1236,1236,1236,1236,1236,1236,1236,1236,1236,1236,1236,1236,1236
1246,1246,1246,1246,1246,1246,1246,1246,1246,1246,1246,1246,1246,1246,1246,1246
1247,1247,1247,1247,1247,1247,1247,1247,1247,1247,1247,1247,1247,1247,1247,1247
1251,1251,1251,1251,1251,1251,1251,1251,1251,1251,1251,1251,1251,1251,1251,1251
1252,1252,1252,1252,1252,1252,1252,1252,1252,1252,1252,1252,1252,1252,1252,1252
1253,1253,1253,1253,1253,1253,1253,1253,1253,1253,1253,1253,1253,1253,1253,1253
1263,1263,1263,1263,1263,1263,1263,1263,1263,1263,1263,1263,1263,1263,1263,1263
1289,1289,1289,1289,1289,1289,1289,1289,1289,1289,1289,1289,1289,1289,1289,1289
1310,1310,1310,1310,1310,1310,1310,1310,1310,1310,1310,1310,1310,1310,1310,1310
1315,1315,1315,1315,1315,1315,1315,1315,1315,1315,1315,1315,1315,1315,1315,1315
1318,1318,1318,1318,1318,1318,1318,1318,1318,1318,1318,1318,1318,1318,1318,1318
1319,1319,1319,1319,1319,1319,1319,1319,1319,1319,1319,1319,1319,1319,1319,1319
1330,1330,1330,1330,1330,1330,1330,1330,1330,1330,1330,1330,1330,1330,1330,1330
1332,1332,1332,1332,1332,1332,1332,1332,1332,1332,1332,1332,1332,1332,1332,1332
1338,1338,1338,1338,1338,1338,1338,1338,1338,1338,1338,1338,1338,1338,1338,1338
1359,1359,1359,1359,1359,1359,1359,1359,1359,1359,1359,1359,1359,1359,1359,1359
1367,1367,1367,1367,1367,1367,1367,1367,1367,1367,1367,1367,1367,1367,1367,1367
1377,1377,1377,1377,1377,1377,1377,1377,1377,1377,1377,1377,1377,1377,1377,1377
1398,1398,1398,1398,1398,1398,1398,1398,1398,1398,1398,1398,1398,1398,1398,1398
1409,1409,1409,1409,1409,1409,1409,1409,1409,1409,1409,1409,1409,1409,1409,1409
1473,1473,1473,1473,1473,1473,1473,1473,1473,1473,1473,1473,1473,1473,1473,1473
1475,1475,1475,1475,1475,1475,1475,1475,1475,1475,1475,1475,1475,1475,1475,1475
1482,1482,1482,1482,1482,1482,1482,1482,1482,1482,1482,1482,1482,1482,1482,1482
1509,1509,1509,1509,1509,1509,1509,1509,1509,1509,1509,1509,1509,1509,1509,1509
1522,1522,1522,1522,1522,1522,1522,1522,1522,1522,1522,1522,1522,1522,1522,1522
1529,1529,1529,1529,1529,1529,1529,1529,1529,1529,1529,1529,1529,1529,1529,1529
1536,1536,1536,1536,1536,1536,1536,1536,1536,1536,1536,1536,1536,1536,1536,1536
1541,1541,1541,1541,1541,1541,1541,1541,1541,1541,1541,1541,1541,1541,1541,1541
1550,1550,1550,1550,1550,1550,1550,1550,1550,1550,1550,1550,1550,1550,1550,1550
1574,1574,1574,1574,1574,1574,1574,1574,1574,1574,1574,1574,1574,1574,1574,1574
1575,1575,1575,1575,1575,1575,1575,1575,1575,1575,1575,1575,1575,1575,1575,1575
1576,1576,1576,1576,1576,1576,1576,1576,1576,1576,1576,1576,1576,1576,1576,1576
1603,1603,1603,1603,1603,1603,1603,1603,1603,1603,1603,1603,1603,1603,1603,1603
1624,1624,1624,1624,1624,1624,1624,1624,1624,1624,1624,1624,1624,1624,1624,1624
1627,1627,1627,1627,1627,1627,1627,1627,1627,1627,1627,1627,1627,1627,1627,1627
1640,1640,1640,1640,1640,1640,1640,1640,1640,1640,1640,1640,1640,1640,1640,1640
1669,1669,1669,1669,1669,1669,1669,1669,1669,1669,1669,1669,1669,1669,1669,1669
1704,1704,1704,1704,1704,1704,1704,1704,1704,1704,1704,1704,1704,1704,1704,1704
1721,1721,1721,1721,1721,1721,1721,1721,1721,1721,1721,1721,1721,1721,1721,1721
1722,1722,1722,1722,1722,1722,1722,1722,1722,1722,1722,1722,1722,1722,1722,1722
1765,1765,1765,1765,1765,1765,1765,1765,1765,1765,1765,1765,1765,1765,1765,1765
1849,1849,1849,1849,1849,1849,1849,1849,1849,1849,1849,1849,1849,1849,1849,1849
1862,1862,1862,1862,1862,1862,1862,1862,1862,1862,1862,1862,1862,1862,1862,1862
1866,1866,1866,1866,1866,1866,1866,1866,1866,1866,1866,1866,1866,1866,1866,1866
1879,1879,1879,1879,1879,1879,1879,1879,1879,1879,1879,1879,1879,1879,1879,1879
1884,1884,1884,1884,1884,1884,1884,1884,1884,1884,1884,1884,1884,1884,1884,1884
1946,1946,1946,1946,1946,1946,1946,1946,1946,1946,1946,1946,1946,1946,1946,1946
1999,1999,1999,1999,1999,1999,1999,1999,1999,1999,1999,1999,1999,1999,1999,1999
2019,2019,2019,2019,2019,2019,2019,2019,2019,2019,2019,2019,2019,2019,2019,2019
2040,2040,2040,2040,2040,2040,2040,2040,2040,2040,2040,2040,2040,2040,2040,2040
2082,2082,2082,2082,2082,2082,2082,2082,2082,2082,2082,2082,2082,2082,2082,2082
2118,2118,2118,2118,2118,2118,2118,2118,2118,2118,2118,2118,2118,2118,2118,2118
2122,2122,2122,2122,2122,2122,2122,2122,2122,2122,2122,2122,2122,2122,2122,2122
2131,2131,2131,2131,2131,2131,2131,2131,2131,2131,2131,2131,2131,2131,2131,2131
2138,2138,2138,2138,2138,2138,2138,2138,2138,2138,2138,2138,2138,2138,2138,2138
2140,2140,2140,2140,2140,2140,2140,2140,2140,2140,2140,2140,2140,2140,2140,2140
2142,2142,2142,2142,2142,2142,2142,2142,2142,2142,2142,2142,2142,2142,2142,2142
2153,2153,2153,2153,2153,2153,2153,2153,2153,2153,2153,2153,2153,2153,2153,2153
2154,2154,2154,2154,2154,2154,2154,2154,2154,2154,2154,2154,2154,2154,2154,2154
2167,2167,2167,2167,2167,2167,2167,2167,2167,2167,2167,2167,2167,2167,2167,2167
2170,2170,2170,2170,2170,2170,2170,2170,2170,2170,2170,2170,2170,2170,2170,2170
2176,2176,2176,2176,2176,2176,2176,2176,2176,2176,2176,2176,2176,2176,2176,2176
2180,2180,2180,2180,2180,2180,2180,2180,2180,2180,2180,2180,2180,2180,2180,2180
2181,2181,2181,2181,2181,2181,2181,2181,2181,2181,2181,2181,2181,2181,2181,2181
2188,2188,2188,2188,2188,2188,2188,2188,2188,2188,2188,2188,2188,2188,2188,2188
2195,2195,2195,2195,2195,2195,2195,2195,2195,2195,2195,2195,2195,2195,2195,2195
2196,2196,2196,2196,2196,2196,2196,2196,2196,2196,2196,2196,2196,2196,2196,2196
2202,2202,2202,2202,2202,2202,2202,2202,2202,2202,2202,2202,2202,2202,2202,2202
2220,2220,2220,2220,2220,2220,2220,2220,2220,2220,2220,2220,2220,2220,2220,2220
2229,2229,2229,2229,2229,2229,2229,2229,2229,2229,2229,2229,2229,2229,2229,2229
2239,2239,2239,2239,2239,2239,2239,2239,2239,2239,2239,2239,2239,2239,2239,2239
2252,2252,2252,2252,2252,2252,2252,2252,2252,2252,2252,2252,2252,2252,2252,2252
2254,2254,2254,2254,2254,2254,2254,2254,2254,2254,2254,2254,2254,2254,2254,2254
2262,2262,2262,2262,2262,2262,2262,2262,2262,2262,2262,2262,2262,2262,2262,2262
2264,2264,2264,2264,2264,2264,2264,2264,2264,2264,2264,2264,2264,2264,2264,2264
2267,2267,2267,2267,2267,2267,2267,2267,2267,2267,2267,2267,2267,2267,2267,2267
2273,2273,2273,2273,2273,2273,2273,2273,2273,2273,2273,2273,2273,2273,2273,2273
2283,2283,2283,2283,2283,2283,2283,2283,2283,2283,2283,2283,2283,2283,2283,2283
2303,2303,2303,2303,2303,2303,2303,2303,2303,2303,2303,2303,2303,2303,2303,2303
2312,2312,2312,2312,2312,2312,2312,2312,2312,2312,2312,2312,2312,2312,2312,2312
2317,2317,2317,2317,2317,2317,2317,2317,2317,2317,2317,2317,2317,2317,2317,2317
2335,2335,2335,2335,2335,2335,2335,2335,2335,2335,2335,2335,2335,2335,2335,2335
2351,2351,2351,2351,2351,2351,2351,2351,2351,2351,2351,2351,2351,2351,2351,2351
2364,2364,2364,2364,2364,2364,2364,2364,2364,2364,2364,2364,2364,2364,2364,2364
2390,2390,2390,2390,2390,2390,2390,2390,2390,2390,2390,2390,2390,2390,2390,2390
2391,2391,2391,2391,2391,2391,2391,2391,2391,2391,2391,2391,2391,2391,2391,2391
2399,2399,2399,2399,2399,2399,2399,2399,2399,2399,2399,2399,2399,2399,2399,2399
2401,2401,2401,2401,2401,2401,2401,2401,2401,2401,2401,2401,2401,2401,2401,2401
2412,2412,2412,2412,2412,2412,2412,2412,2412,2412,2412,2412,2412,2412,2412,2412
2431,2431,2431,2431,2431,2431,2431,2431,2431,2431,2431,2431,2431,2431,2431,2431
2440,2440,2440,2440,2440,2440,2440,2440,2440,2440,2440,2440,2440,2440,2440,2440
2471,2471,2471,2471,2471,2471,2471,2471,2471,2471,2471,2471,2471,2471,2471,2471
2479,2479,2479,2479,2479,2479,2479,2479,2479,2479,2479,2479,2479,2479,2479,2479
2496,2496,2496,2496,2496,2496,2496,2496,2496,2496,2496,2496,2496,2496,2496,2496
2499,2499,2499,2499,2499,2499,2499,2499,2499,2499,2499,2499,2499,2499,2499,2499
2519,2519,2519,2519,2519,2519,2519,2519,2519,2519,2519,2519,2519,2519,2519,2519
2522,2522,2522,2522,2522,2522,2522,2522,2522,2522,2522,2522,2522,2522,2522,2522
2570,2570,2570,2570,2570,2570,2570,2570,2570,2570,2570,2570,2570,2570,2570,2570
2614,2614,2614,2614,2614,2614,2614,2614,2614,2614,2614,2614,2614,2614,2614,2614
2616,2616,2616,2616,2616,2616,2616,2616,2616,2616,2616,2616,2616,2616,2616,2616
2626,2626,2626,2626,2626,2626,2626,2626,2626,2626,2626,2626,2626,2626,2626,2626
2633,2633,2633,2633,2633,2633,2633,2633,2633,2633,2633,2633,2633,2633,2633,2633
2652,2652,2652,2652,2652,2652,2652,2652,2652,2652,2652,2652,2652,2652,2652,2652
2656,2656,2656,2656,2656,2656,2656,2656,2656,2656,2656,2656,2656,2656,2656,2656
2688,2688,2688,2688,2688,2688,2688,2688,2688,2688,2688,2688,2688,2688,2688,2688
2706,2706,2706,2706,2706,2706,2706,2706,2706,2706,2706,2706,2706,2706,2706,2706
2716,2716,2716,2716,2716,2716,2716,2716,2716,2716,2716,2716,2716,2716,2716,2716
2748,2748,2748,2748,2748,2748,2748,2748,2748,2748,2748,2748,2748,2748,2748,2748
2771,2771,2771,2771,2771,2771,2771,2771,2771,2771,2771,2771,2771,2771,2771,2771
2792,2792,2792,2792,2792,2792,2792,2792,2792,2792,2792,2792,2792,2792,2792,2792
2810,2810,2810,2810,2810,2810,2810,2810,2810,2810,2810,2810,2810,2810,2810,2810
2818,2818,2818,2818,2818,2818,2818,2818,2818,2818,2818,2818,2818,2818,2818,2818
2844,2844,2844,2844,2844,2844,2844,2844,2844,2844,2844,2844,2844,2844,2844,2844
2848,2848,2848,2848,2848,2848,2848,2848,2848,2848,2848,2848,2848,2848,2848,2848
2857,2857,2857,2857,2857,2857,2857,2857,2857,2857,2857,2857,2857,2857,2857,2857
2859,2859,2859,2859,2859,2859,2859,2859,2859,2859,2859,2859,2859,2859,2859,2859
2863,2863,2863,2863,2863,2863,2863,2863,2863,2863,2863,2863,2863,2863,2863,2863
2870,2870,2870,2870,2870,2870,2870,2870,2870,2870,2870,2870,2870,2870,2870,2870
2873,2873,2873,2873,2873,2873,2873,2873,2873,2873,2873,2873,2873,2873,2873,2873
2875,2875,2875,2875,2875,2875,2875,2875,2875,2875,2875,2875,2875,2875,2875,2875
2878,2878,2878,2878,2878,2878,2878,2878,2878,2878,2878,2878,2878,2878,2878,2878
2879,2879,2879,2879,2879,2879,2879,2879,2879,2879,2879,2879,2879,2879,2879,2879
2884,2884,2884,2884,2884,2884,2884,2884,2884,2884,2884,2884,2884,2884,2884,2884
2888,2888,2888,2888,2888,2888,2888,2888,2888,2888,2888,2888,2888,2888,2888,2888
2894,2894,2894,2894,2894,2894,2894,2894,2894,2894,2894,2894,2894,2894,2894,2894
2895,2895,2895,2895,2895,2895,2895,2895,2895,2895,2895,2895,2895,2895,2895,2895
2908,2908,2908,2908,2908,2908,2908,2908,2908,2908,2908,2908,2908,2908,2908,2908
2920,2920,2920,2920,2920,2920,2920,2920,2920,2920,2920,2920,2920,2920,2920,2920
2923,2923,2923,2923,2923,2923,2923,2923,2923,2923,2923,2923,2923,2923,2923,2923
2930,2930,2930,2930,2930,2930,2930,2930,2930,2930,2930,2930,2930,2930,2930,2930
2931,2931,2931,2931,2931,2931,2931,2931,2931,2931,2931,2931,2931,2931,2931,2931
2934,2934,2934,2934,2934,2934,2934,2934,2934,2934,2934,2934,2934,2934,2934,2934
2940,2940,2940,2940,2940,2940,2940,2940,2940,2940,2940,2940,2940,2940,2940,2940
2952,2952,2952,2952,2952,2952,2952,2952,2952,2952,2952,2952,2952,2952,2952,2952
2956,2956,2956,2956,2956,2956,2956,2956,2956,2956,2956,2956,2956,2956,2956,2956
2957,2957,2957,2957,2957,2957,2957,2957,2957,2957,2957,2957,2957,2957,2957,2957
2970,2970,2970,2970,2970,2970,2970,2970,2970,2970,2970,2970,2970,2970,2970,2970
2974,2974,2974,2974,2974,2974,2974,2974,2974,2974,2974,2974,2974,2974,2974,2974
2979,2979,2979,2979,2979,2979,2979,2979,2979,2979,2979,2979,2979,2979,2979,2979
2982,2982,2982,2982,2982,2982,2982,2982,2982,2982,2982,2982,2982,2982,2982,2982
2988,2988,2988,2988,2988,2988,2988,2988,2988,2988,2988,2988,2988,2988,2988,2988
3003,3003,3003,3003,3003,3003,3003,3003,3003,3003,3003,3003,3003,3003,3003,3003
3017,3017,3017,3017,3017,3017,3017,3017,3017,3017,3017,3017,3017,3017,3017,3017
3021,3021,3021,3021,3021,3021,3021,3021,3021,3021,3021,3021,3021,3021,3021,3021
3072,3072,3072,3072,3072,3072,3072,3072,3072,3072,3072,3072,3072,3072,3072,3072
3084,3084,3084,3084,3084,3084,3084,3084,3084,3084,3084,3084,3084,3084,3084,3084
3094,3094,3094,3094,3094,3094,3094,3094,3094,3094,3094,3094,3094,3094,3094,3094
3114,3114,3114,3114,3114,3114,3114,3114,3114,3114,3114,3114,3114,3114,3114,3114
3136,3136,3136,3136,3136,3136,3136,3136,3136,3136,3136,3136,3136,3136,3136,3136
3161,3161,3161,3161,3161,3161,3161,3161,3161,3161,3161,3161,3161,3161,3161,3161
3165,3165,3165,3165,3165,3165,3165,3165,3165,3165,3165,3165,3165,3165,3165,3165
3177,3177,3177,3177,3177,3177,3177,3177,3177,3177,3177,3177,3177,3177,3177,3177
3180,3180,3180,3180,3180,3180,3180,3180,3180,3180,3180,3180,3180,3180,3180,3180
3182,3182,3182,3182,3182,3182,3182,3182,3182,3182,3182,3182,3182,3182,3182,3182
3188,3188,3188,3188,3188,3188,3188,3188,3188,3188,3188,3188,3188,3188,3188,3188
3210,3210,3210,3210,3210,3210,3210,3210,3210,3210,3210,3210,3210,3210,3210,3210
3218,3218,3218,3218,3218,3218,3218,3218,3218,3218,3218,3218,3218,3218,3218,3218
3223,3223,3223,3223,3223,3223,3223,3223,3223,3223,3223,3223,3223,3223,3223,3223
3224,3224,3224,3224,3224,3224,3224,3224,3224,3224,3224,3224,3224,3224,3224,3224
3235,3235,3235,3235,3235,3235,3235,3235,3235,3235,3235,3235,3235,3235,3235,3235
3248,3248,3248,3248,3248,3248,3248,3248,3248,3248,3248,3248,3248,3248,3248,3248
3271,3271,3271,3271,3271,3271,3271,3271,3271,3271,3271,3271,3271,3271,3271,3271
3273,3273,3273,3273,3273,3273,3273,3273,3273,3273,3273,3273,3273,3273,3273,3273
3278,3278,3278,3278,3278,3278,3278,3278,3278,3278,3278,3278,3278,3278,3278,3278
3298,3298,3298,3298,3298,3298,3298,3298,3298,3298,3298,3298,3298,3298,3298,3298
3303,3303,3303,3303,3303,3303,3303,3303,3303,3303,3303,3303,3303,3303,3303,3303
3311,3311,3311,3311,3311,3311,3311,3311,3311,3311,3311,3311,3311,3311,3311,3311
3321,3321,3321,3321,3321,3321,3321,3321,3321,3321,3321,3321,3321,3321,3321,3321
3344,3344,3344,3344,3344,3344,3344,3344,3344,3344,3344,3344,3344,3344,3344,3344
3346,3346,3346,3346,3346,3346,3346,3346,3346,3346,3346,3346,3346,3346,3346,3346
3353,3353,3353,3353,3353,3353,3353,3353,3353,3353,3353,3353,3353,3353,3353,3353
3360,3360,3360,3360,3360,3360,3360,3360,3360,3360,3360,3360,3360,3360,3360,3360
3370,3370,3370,3370,3370,3370,3370,3370,3370,3370,3370,3370,3370,3370,3370,3370
3401,3401,3401,3401,3401,3401,3401,3401,3401,3401,3401,3401,3401,3401,3401,3401
3426,3426,3426,3426,3426,3426,3426,3426,3426,3426,3426,3426,3426,3426,3426,3426
3468,3468,3468,3468,3468,3468,3468,3468,3468,3468,3468,3468,3468,3468,3468,3468
3484,3484,3484,3484,3484,3484,3484,3484,3484,3484,3484,3484,3484,3484,3484,3484
3535,3535,3535,3535,3535,3535,3535,3535,3535,3535,3535,3535,3535,3535,3535,3535
3551,3551,3551,3551,3551,3551,3551,3551,3551,3551,3551,3551,3551,3551,3551,3551
3561,3561,3561,3561,3561,3561,3561,3561,3561,3561,3561,3561,3561,3561,3561,3561
3576,3576,3576,3576,3576,3576,3576,3576,3576,3576,3576,3576,3576,3576,3576,3576
3589,3589,3589,3589,3589,3589,3589,3589,3589,3589,3589,3589,3589,3589,3589,3589
3620,3620,3620,3620,3620,3620,3620,3620,3620,3620,3620,3620,3620,3620,3620,3620
3632,3632,3632,3632,3632,3632,3632,3632,3632,3632,3632,3632,3632,3632,3632,3632
3669,3669,3669,3669,3669,3669,3669,3669,3669,3669,3669,3669,3669,3669,3669,3669
3709,3709,3709,3709,3709,3709,3709,3709,3709,3709,3709,3709,3709,3709,3709,3709
3712,3712,3712,3712,3712,3712,3712,3712,3712,3712,3712,3712,3712,3712,3712,3712
3760,3760,3760,3760,3760,3760,3760,3760,3760,3760,3760,3760,3760,3760,3760,3760
3780,3780,3780,3780,3780,3780,3780,3780,3780,3780,3780,3780,3780,3780,3780,3780
3785,3785,3785,3785,3785,3785,3785,3785,3785,3785,3785,3785,3785,3785,3785,3785
3816,3816,3816,3816,3816,3816,3816,3816,3816,3816,3816,3816,3816,3816,3816,3816
3854,3854,3854,3854,3854,3854,3854,3854,3854,3854,3854,3854,3854,3854,3854,3854
3886,3886,3886,3886,3886,3886,3886,3886,3886,3886,3886,3886,3886,3886,3886,3886
3895,3895,3895,3895,3895,3895,3895,3895,3895,3895,3895,3895,3895,3895,3895,3895
3915,3915,3915,3915,3915,3915,3915,3915,3915,3915,3915,3915,3915,3915,3915,3915
3928,3928,3928,3928,3928,3928,3928,3928,3928,3928,3928,3928,3928,3928,3928,3928
3945,3945,3945,3945,3945,3945,3945,3945,3945,3945,3945,3945,3945,3945,3945,3945
3970,3970,3970,3970,3970,3970,3970,3970,3970,3970,3970,3970,3970,3970,3970,3970
3978,3978,3978,3978,3978,3978,3978,3978,3978,3978,3978,3978,3978,3978,3978,3978
4030,4030,4030,4030,4030,4030,4030,4030,4030,4030,4030,4030,4030,4030,4030,4030
4041,4041,4041,4041,4041,4041,4041,4041,4041,4041,4041,4041,4041,4041,4041,4041
4070,4070,4070,4070,4070,4070,4070,4070,4070,4070,4070,4070,4070,4070,4070,4070
4117,4117,4117,4117,4117,4117,4117,4117,4117,4117,4117,4117,4117,4117,4117,4117
4119,4119,4119,4119,4119,4119,4119,4119,4119,4119,4119,4119,4119,4119,4119,4119
4124,4124,4124,4124,4124,4124,4124,4124,4124,4124,4124,4124,4124,4124,4124,4124
4141,4141,4141,4141,4141,4141,4141,4141,4141,4141,4141,4141,4141,4141,4141,4141
4158,4158,4158,4158,4158,4158,4158,4158,4158,4158,4158,4158,4158,4158,4158,4158
4164,4164,4164,4164,4164,4164,4164,4164,4164,4164,4164,4164,4164,4164,4164,4164
4188,4188,4188,4188,4188,4188,4188,4188,4188,4188,4188,4188,4188,4188,4188,4188
4202,4202,4202,4202,4202,4202,4202,4202,4202,4202,4202,4202,4202,4202,4202,4202
4205,4205,4205,4205,4205,4205,4205,4205,4205,4205,4205,4205,4205,4205,4205,4205
4208,4208,4208,4208,4208,4208,4208,4208,4208,4208,4208,4208,4208,4208,4208,4208
4214,4214,4214,4214,4214,4214,4214,4214,4214,4214,4214,4214,4214,4214,4214,4214
4215,4215,4215,4215,4215,4215,4215,4215,4215,4215,4215,4215,4215,4215,4215,4215
4229,4229,4229,4229,4229,4229,4229,4229,4229,4229,4229,4229,4229,4229,4229,4229
4246,4246,4246,4246,4246,4246,4246,4246,4246,4246,4246,4246,4246,4246,4246,4246
4266,4266,4266,4266,4266,4266,4266,4266,4266,4266,4266,4266,4266,4266,4266,4266
4275,4275,4275,4275,4275,4275,4275,4275,4275,4275,4275,4275,4275,4275,4275,4275
4279,4279,4279,4279,4279,4279,4279,4279,4279,4279,4279,4279,4279,4279,4279,4279
4280,4280,4280,4280,4280,4280,4280,4280,4280,4280,4280,4280,4280,4280,4280,4280
4282,4282,4282,4282,4282,4282,4282,4282,4282,4282,4282,4282,4282,4282,4282,4282
4283,4283,4283,4283,4283,4283,4283,4283,4283,4283,4283,4283,4283,4283,4283,4283
4284,4284,4284,4284,4284,4284,4284,4284,4284,4284,4284,4284,4284,4284,4284,4284
4286,4286,4286,4286,4286,4286,4286,4286,4286,4286,4286,4286,4286,4286,4286,4286
4288,4288,4288,4288,4288,4288,4288,4288,4288,4288,4288,4288,4288,4288,4288,4288
4290,4290,4290,4290,4290,4290,4290,4290,4290,4290,4290,4290,4290,4290,4290,4290
4291,4291,4291,4291,4291,4291,4291,4291,4291,4291,4291,4291,4291,4291,4291,4291
4293,4293,4293,4293,4293,4293,4293,4293,4293,4293,4293,4293,4293,4293,4293,4293
4299,4299,4299,4299,4299,4299,4299,4299,4299,4299,4299,4299,4299,4299,4299,4299
4300,4300,4300,4300,4300,4300,4300,4300,4300,4300,4300,4300,4300,4300,4300,4300
4303,4303,4303,4303,4303,4303,4303,4303,4303,4303,4303,4303,4303,4303,4303,4303
4304,4304,4304,4304,4304,4304,4304,4304,4304,4304,4304,4304,4304,4304,4304,4304
4364,4364,4364,4364,4364,4364,4364,4364,4364,4364,4364,4364,4364,4364,4364,4364
4386,4386,4386,4386,4386,4386,4386,4386,4386,4386,4386,4386,4386,4386,4386,4386
4402,4402,4402,4402,4402,4402,4402,4402,4402,4402,4402,4402,4402,4402,4402,4402
4404,4404,4404,4404,4404,4404,4404,4404,4404,4404,4404,4404,4404,4404,4404,4404
4430,4430,4430,4430,4430,4430,4430,4430,4430,4430,4430,4430,4430,4430,4430,4430
4431,4431,4431,4431,4431,4431,4431,4431,4431,4431,4431,4431,4431,4431,4431,4431
4437,4437,4437,4437,4437,4437,4437,4437,4437,4437,4437,4437,4437,4437,4437,4437
4448,4448,4448,4448,4448,4448,4448,4448,4448,4448,4448,4448,4448,4448,4448,4448
4450,4450,4450,4450,4450,4450,4450,4450,4450,4450,4450,4450,4450,4450,4450,4450
4463,4463,4463,4463,4463,4463,4463,4463,4463,4463,4463,4463,4463,4463,4463,4463
4486,4486,4486,4486,4486,4486,4486,4486,4486,4486,4486,4486,4486,4486,4486,4486
4537,4537,4537,4537,4537,4537,4537,4537,4537,4537,4537,4537,4537,4537,4537,4537
4568,4568,4568,4568,4568,4568,4568,4568,4568,4568,4568,4568,4568,4568,4568,4568
4638,4638,4638,4638,4638,4638,4638,4638,4638,4638,4638,4638,4638,4638,4638,4638
4661,4661,4661,4661,4661,4661,4661,4661,4661,4661,4661,4661,4661,4661,4661,4661
4718,4718,4718,4718,4718,4718,4718,4718,4718,4718,4718,4718,4718,4718,4718,4718
4773,4773,4773,4773,4773,4773,4773,4773,4773,4773,4773,4773,4773,4773,4773,4773
4797,4797,4797,4797,4797,4797,4797,4797,4797,4797,4797,4797,4797,4797,4797,4797
4865,4865,4865,4865,4865,4865,4865,4865,4865,4865,4865,4865,4865,4865,4865,4865
4886,4886,4886,4886,4886,4886,4886,4886,4886,4886,4886,4886,4886,4886,4886,4886
4895,4895,4895,4895,4895,4895,4895,4895,4895,4895,4895,4895,4895,4895,4895,4895
4911,4911,4911,4911,4911,4911,4911,4911,4911,4911,4911,4911,4911,4911,4911,4911
4918,4918,4918,4918,4918,4918,4918,4918,4918,4918,4918,4918,4918,4918,4918,4918
4941,4941,4941,4941,4941,4941,4941,4941,4941,4941,4941,4941,4941,4941,4941,4941
4968,4968,4968,4968,4968,4968,4968,4968,4968,4968,4968,4968,4968,4968,4968,4968
4969,4969,4969,4969,4969,4969,4969,4969,4969,4969,4969,4969,4969,4969,4969,4969
4972,4972,4972,4972,4972,4972,4972,4972,4972,4972,4972,4972,4972,4972,4972,4972
5004,5004,5004,5004,5004,5004,5004,5004,5004,5004,5004,5004,5004,5004,5004,5004
5007,5007,5007,5007,5007,5007,5007,5007,5007,5007,5007,5007,5007,5007,5007,5007
5026,5026,5026,5026,5026,5026,5026,5026,5026,5026,5026,5026,5026,5026,5026,5026
5040,5040,5040,5040,5040,5040,5040,5040,5040,5040,5040,5040,5040,5040,5040,5040
5054,5054,5054,5054,5054,5054,5054,5054,5054,5054,5054,5054,5054,5054,5054,5054
5078,5078,5078,5078,5078,5078,5078,5078,5078,5078,5078,5078,5078,5078,5078,5078
5089,5089,5089,5089,5089,5089,5089,5089,5089,5089,5089,5089,5089,5089,5089,5089
5095,5095,5095,5095,5095,5095,5095,5095,5095,5095,5095,5095,5095,5095,5095,5095
5114,5114,5114,5114,5114,5114,5114,5114,5114,5114,5114,5114,5114,5114,5114,5114
5129,5129,5129,5129,5129,5129,5129,5129,5129,5129,5129,5129,5129,5129,5129,5129
5130,5130,5130,5130,5130,5130,5130,5130,5130,5130,5130,5130,5130,5130,5130,5130
5161,5161,5161,5161,5161,5161,5161,5161,5161,5161,5161,5161,5161,5161,5161,5161
5194,5194,5194,5194,5194,5194,5194,5194,5194,5194,5194,5194,5194,5194,5194,5194
5209,5209,5209,5209,5209,5209,5209,5209,5209,5209,5209,5209,5209,5209,5209,5209
5291,5291,5291,5291,5291,5291,5291,5291,5291,5291,5291,5291,5291,5291,5291,5291
5296,5296,5296,5296,5296,5296,5296,5296,5296,5296,5296,5296,5296,5296,5296,5296
5300,5300,5300,5300,5300,5300,5300,5300,5300,5300,5300,5300,5300,5300,5300,5300
5331,5331,5331,5331,5331,5331,5331,5331,5331,5331,5331,5331,5331,5331,5331,5331
5360,5360,5360,5360,5360,5360,5360,5360,5360,5360,5360,5360,5360,5360,5360,5360
5361,5361,5361,5361,5361,5361,5361,5361,5361,5361,5361,5361,5361,5361,5361,5361
5364,5364,5364,5364,5364,5364,5364,5364,5364,5364,5364,5364,5364,5364,5364,5364
5370,5370,5370,5370,5370,5370,5370,5370,5370,5370,5370,5370,5370,5370,5370,5370
5381,5381,5381,5381,5381,5381,5381,5381,5381,5381,5381,5381,5381,5381,5381,5381
5397,5397,5397,5397,5397,5397,5397,5397,5397,5397,5397,5397,5397,5397,5397,5397
5398,5398,5398,5398,5398,5398,5398,5398,5398,5398,5398,5398,5398,5398,5398,5398
5400,5400,5400,5400,5400,5400,5400,5400,5400,5400,5400,5400,5400,5400,5400,5400
5402,5402,5402,5402,5402,5402,5402,5402,5402,5402,5402,5402,5402,5402,5402,5402
5404,5404,5404,5404,5404,5404,5404,5404,5404,5404,5404,5404,5404,5404,5404,5404
5409,5409,5409,5409,5409,5409,5409,5409,5409,5409,5409,5409,5409,5409,5409,5409
5413,5413,5413,5413,5413,5413,5413,5413,5413,5413,5413,5413,5413,5413,5413,5413
5423,5423,5423,5423,5423,5423,5423,5423,5423,5423,5423,5423,5423,5423,5423,5423
5431,5431,5431,5431,5431,5431,5431,5431,5431,5431,5431,5431,5431,5431,5431,5431
5439,5439,5439,5439,5439,5439,5439,5439,5439,5439,5439,5439,5439,5439,5439,5439
5444,5444,5444,5444,5444,5444,5444,5444,5444,5444,5444,5444,5444,5444,5444,5444
5449,5449,5449,5449,5449,5449,5449,5449,5449,5449,5449,5449,5449,5449,5449,5449
5457,5457,5457,5457,5457,5457,5457,5457,5457,5457,5457,5457,5457,5457,5457,5457
5460,5460,5460,5460,5460,5460,5460,5460,5460,5460,5460,5460,5460,5460,5460,5460
5467,5467,5467,5467,5467,5467,5467,5467,5467,5467,5467,5467,5467,5467,5467,5467
5472,5472,5472,5472,5472,5472,5472,5472,5472,5472,5472,5472,5472,5472,5472,5472
5480,5480,5480,5480,5480,5480,5480,5480,5480,5480,5480,5480,5480,5480,5480,5480
5495,5495,5495,5495,5495,5495,5495,5495,5495,5495,5495,5495,5495,5495,5495,5495
5498,5498,5498,5498,5498,5498,5498,5498,5498,5498,5498,5498,5498,5498,5498,5498
5509,5509,5509,5509,5509,5509,5509,5509,5509,5509,5509,5509,5509,5509,5509,5509
5510,5510,5510,5510,5510,5510,5510,5510,5510,5510,5510,5510,5510,5510,5510,5510
5513,5513,5513,5513,5513,5513,5513,5513,5513,5513,5513,5513,5513,5513,5513,5513
5514,5514,5514,5514,5514,5514,5514,5514,5514,5514,5514,5514,5514,5514,5514,5514
5515,5515,5515,5515,5515,5515,5515,5515,5515,5515,5515,5515,5515,5515,5515,5515
5526,5526,5526,5526,5526,5526,5526,5526,5526,5526,5526,5526,5526,5526,5526,5526
5527,5527,5527,5527,5527,5527,5527,5527,5527,5527,5527,5527,5527,5527,5527,5527
5532,5532,5532,5532,5532,5532,5532,5532,5532,5532,5532,5532,5532,5532,5532,5532
5536,5536,5536,5536,5536,5536,5536,5536,5536,5536,5536,5536,5536,5536,5536,5536
5541,5541,5541,5541,5541,5541,5541,5541,5541,5541,5541,5541,5541,5541,5541,5541
5545,5545,5545,5545,5545,5545,5545,5545,5545,5545,5545,5545,5545,5545,5545,5545
5560,5560,5560,5560,5560,5560,5560,5560,5560,5560,5560,5560,5560,5560,5560,5560
5561,5561,5561,5561,5561,5561,5561,5561,5561,5561,5561,5561,5561,5561,5561,5561
5566,5566,5566,5566,5566,5566,5566,5566,5566,5566,5566,5566,5566,5566,5566,5566
5569,5569,5569,5569,5569,5569,5569,5569,5569,5569,5569,5569,5569,5569,5569,5569
5570,5570,5570,5570,5570,5570,5570,5570,5570,5570,5570,5570,5570,5570,5570,5570
5576,5576,5576,5576,5576,5576,5576,5576,5576,5576,5576,5576,5576,5576,5576,5576
5579,5579,5579,5579,5579,5579,5579,5579,5579,5579,5579,5579,5579,5579,5579,5579
5584,5584,5584,5584,5584,5584,5584,5584,5584,5584,5584,5584,5584,5584,5584,5584
5586,5586,5586,5586,5586,5586,5586,5586,5586,5586,5586,5586,5586,5586,5586,5586
5587,5587,5587,5587,5587,5587,5587,5587,5587,5587,5587,5587,5587,5587,5587,5587
5595,5595,5595,5595,5595,5595,5595,5595,5595,5595,5595,5595,5595,5595,5595,5595
5597,5597,5597,5597,5597,5597,5597,5597,5597,5597,5597,5597,5597,5597,5597,5597
5598,5598,5598,5598,5598,5598,5598,5598,5598,5598,5598,5598,5598,5598,5598,5598
5602,5602,5602,5602,5602,5602,5602,5602,5602,5602,5602,5602,5602,5602,5602,5602
5610,5610,5610,5610,5610,5610,5610,5610,5610,5610,5610,5610,5610,5610,5610,5610
5627,5627,5627,5627,5627,5627,5627,5627,5627,5627,5627,5627,5627,5627,5627,5627
5628,5628,5628,5628,5628,5628,5628,5628,5628,5628,5628,5628,5628,5628,5628,5628
5632,5632,5632,5632,5632,5632,5632,5632,5632,5632,5632,5632,5632,5632,5632,5632
5636,5636,5636,5636,5636,5636,5636,5636,5636,5636,5636,5636,5636,5636,5636,5636
5645,5645,5645,5645,5645,5645,5645,5645,5645,5645,5645,5645,5645,5645,5645,5645
5646,5646,5646,5646,5646,5646,5646,5646,5646,5646,5646,5646,5646,5646,5646,5646
5647,5647,5647,5647,5647,5647,5647,5647,5647,5647,5647,5647,5647,5647,5647,5647
5650,5650,5650,5650,5650,5650,5650,5650,5650,5650,5650,5650,5650,5650,5650,5650
5665,5665,5665,5665,5665,5665,5665,5665,5665,5665,5665,5665,5665,5665,5665,5665
5668,5668,5668,5668,5668,5668,5668,5668,5668,5668,5668,5668,5668,5668,5668,5668
5674,5674,5674,5674,5674,5674,5674,5674,5674,5674,5674,5674,5674,5674,5674,5674
5676,5676,5676,5676,5676,5676,5676,5676,5676,5676,5676,5676,5676,5676,5676,5676
5683,5683,5683,5683,5683,5683,5683,5683,5683,5683,5683,5683,5683,5683,5683,5683
5685,5685,5685,5685,5685,5685,5685,5685,5685,5685,5685,5685,5685,5685,5685,5685
5688,5688,5688,5688,5688,5688,5688,5688,5688,5688,5688,5688,5688,5688,5688,5688
5697,5697,5697,5697,5697,5697,5697,5697,5697,5697,5697,5697,5697,5697,5697,5697
5699,5699,5699,5699,5699,5699,5699,5699,5699,5699,5699,5699,5699,5699,5699,5699
5709,5709,5709,5709,5709,5709,5709,5709,5709,5709,5709,5709,5709,5709,5709,5709
5710,5710,5710,5710,5710,5710,5710,5710,5710,5710,5710,5710,5710,5710,5710,5710
5716,5716,5716,5716,5716,5716,5716,5716,5716,5716,5716,5716,5716,5716,5716,5716
5717,5717,5717,5717,5717,5717,5717,5717,5717,5717,5717,5717,5717,5717,5717,5717
5721,5721,5721,5721,5721,5721,5721,5721,5721,5721,5721,5721,5721,5721,5721,5721
5729,5729,5729,5729,5729,5729,5729,5729,5729,5729,5729,5729,5729,5729,5729,5729
5730,5730,5730,5730,5730,5730,5730,5730,5730,5730,5730,5730,5730,5730,5730,5730
5739,5739,5739,5739,5739,5739,5739,5739,5739,5739,5739,5739,5739,5739,5739,5739
5742,5742,5742,5742,5742,5742,5742,5742,5742,5742,5742,5742,5742,5742,5742,5742
5743,5743,5743,5743,5743,5743,5743,5743,5743,5743,5743,5743,5743,5743,5743,5743
5747,5747,5747,5747,5747,5747,5747,5747,5747,5747,5747,5747,5747,5747,5747,5747
5748,5748,5748,5748,5748,5748,5748,5748,5748,5748,5748,5748,5748,5748,5748,5748
5752,5752,5752,5752,5752,5752,5752,5752,5752,5752,5752,5752,5752,5752,5752,5752
5753,5753,5753,5753,5753,5753,5753,5753,5753,5753,5753,5753,5753,5753,5753,5753
5754,5754,5754,5754,5754,5754,5754,5754,5754,5754,5754,5754,5754,5754,5754,5754
5759,5759,5759,5759,5759,5759,5759,5759,5759,5759,5759,5759,5759,5759,5759,5759
5763,5763,5763,5763,5763,5763,5763,5763,5763,5763,5763,5763,5763,5763,5763,5763
5771,5771,5771,5771,5771,5771,5771,5771,5771,5771,5771,5771,5771,5771,5771,5771
5781,5781,5781,5781,5781,5781,5781,5781,5781,5781,5781,5781,5781,5781,5781,5781
5782,5782,5782,5782,5782,5782,5782,5782,5782,5782,5782,5782,5782,5782,5782,5782
5785,5785,5785,5785,5785,5785,5785,5785,5785,5785,5785,5785,5785,5785,5785,5785
5789,5789,5789,5789,5789,5789,5789,5789,5789,5789,5789,5789,5789,5789,5789,5789
5794,5794,5794,5794,5794,5794,5794,5794,5794,5794,5794,5794,5794,5794,5794,5794
5806,5806,5806,5806,5806,5806,5806,5806,5806,5806,5806,5806,5806,5806,5806,5806
5837,5837,5837,5837,5837,5837,5837,5837,5837,5837,5837,5837,5837,5837,5837,5837
5848,5848,5848,5848,5848,5848,5848,5848,5848,5848,5848,5848,5848,5848,5848,5848
5853,5853,5853,5853,5853,5853,5853,5853,5853,5853,5853,5853,5853,5853,5853,5853
5861,5861,5861,5861,5861,5861,5861,5861,5861,5861,5861,5861,5861,5861,5861,5861
5862,5862,5862,5862,5862,5862,5862,5862,5862,5862,5862,5862,5862,5862,5862,5862
5867,5867,5867,5867,5867,5867,5867,5867,5867,5867,5867,5867,5867,5867,5867,5867
5882,5882,5882,5882,5882,5882,5882,5882,5882,5882,5882,5882,5882,5882,5882,5882
5889,5889,5889,5889,5889,5889,5889,5889,5889,5889,5889,5889,5889,5889,5889,5889
5901,5901,5901,5901,5901,5901,5901,5901,5901,5901,5901,5901,5901,5901,5901,5901
5913,5913,5913,5913,5913,5913,5913,5913,5913,5913,5913,5913,5913,5913,5913,5913
5917,5917,5917,5917,5917,5917,5917,5917,5917,5917,5917,5917,5917,5917,5917,5917
5947,5947,5947,5947,5947,5947,5947,5947,5947,5947,5947,5947,5947,5947,5947,5947
5951,5951,5951,5951,5951,5951,5951,5951,5951,5951,5951,5951,5951,5951,5951,5951
5952,5952,5952,5952,5952,5952,5952,5952,5952,5952,5952,5952,5952,5952,5952,5952
5956,5956,5956,5956,5956,5956,5956,5956,5956,5956,5956,5956,5956,5956,5956,5956
5960,5960,5960,5960,5960,5960,5960,5960,5960,5960,5960,5960,5960,5960,5960,5960
5965,5965,5965,5965,5965,5965,5965,5965,5965,5965,5965,5965,5965,5965,5965,5965
5967,5967,5967,5967,5967,5967,5967,5967,5967,5967,5967,5967,5967,5967,5967,5967
5968,5968,5968,5968,5968,5968,5968,5968,5968,5968,5968,5968,5968,5968,5968,5968
5970,5970,5970,5970,5970,5970,5970,5970,5970,5970,5970,5970,5970,5970,5970,5970
5973,5973,5973,5973,5973,5973,5973,5973,5973,5973,5973,5973,5973,5973,5973,5973
5974,5974,5974,5974,5974,5974,5974,5974,5974,5974,5974,5974,5974,5974,5974,5974
5976,5976,5976,5976,5976,5976,5976,5976,5976,5976,5976,5976,5976,5976,5976,5976
5977,5977,5977,5977,5977,5977,5977,5977,5977,5977,5977,5977,5977,5977,5977,5977
5978,5978,5978,5978,5978,5978,5978,5978,5978,5978,5978,5978,5978,5978,5978,5978
5983,5983,5983,5983,5983,5983,5983,5983,5983,5983,5983,5983,5983,5983,5983,5983
5985,5985,5985,5985,5985,5985,5985,5985,5985,5985,5985,5985,5985,5985,5985,5985
5989,5989,5989,5989,5989,5989,5989,5989,5989,5989,5989,5989,5989,5989,5989,5989
5990,5990,5990,5990,5990,5990,5990,5990,5990,5990,5990,5990,5990,5990,5990,5990
5992,5992,5992,5992,5992,5992,5992,5992,5992,5992,5992,5992,5992,5992,5992,5992
5993,5993,5993,5993,5993,5993,5993,5993,5993,5993,5993,5993,5993,5993,5993,5993
6007,6007,6007,6007,6007,6007,6007,6007,6007,6007,6007,6007,6007,6007,6007,6007
6010,6010,6010,6010,6010,6010,6010,6010,6010,6010,6010,6010,6010,6010,6010,6010
6014,6014,6014,6014,6014,6014,6014,6014,6014,6014,6014,6014,6014,6014,6014,6014
6018,6018,6018,6018,6018,6018,6018,6018,6018,6018,6018,6018,6018,6018,6018,6018
6020,6020,6020,6020,6020,6020,6020,6020,6020,6020,6020,6020,6020,6020,6020,6020
6034,6034,6034,6034,6034,6034,6034,6034,6034,6034,6034,6034,6034,6034,6034,6034
6036,6036,6036,6036,6036,6036,6036,6036,6036,6036,6036,6036,6036,6036,6036,6036
6039,6039,6039,6039,6039,6039,6039,6039,6039,6039,6039,6039,6039,6039,6039,6039
6042,6042,6042,6042,6042,6042,6042,6042,6042,6042,6042,6042,6042,6042,6042,6042
6043,6043,6043,6043,6043,6043,6043,6043,6043,6043,6043,6043,6043,6043,6043,6043
6046,6046,6046,6046,6046,6046,6046,6046,6046,6046,6046,6046,6046,6046,6046,6046
6047,6047,6047,6047,6047,6047,6047,6047,6047,6047,6047,6047,6047,6047,6047,6047
6050,6050,6050,6050,6050,6050,6050,6050,6050,6050,6050,6050,6050,6050,6050,6050
6058,6058,6058,6058,6058,6058,6058,6058,6058,6058,6058,6058,6058,6058,6058,6058
6060,6060,6060,6060,6060,6060,6060,6060,6060,6060,6060,6060,6060,6060,6060,6060
6062,6062,6062,6062,6062,6062,6062,6062,6062,6062,6062,6062,6062,6062,6062,6062
6067,6067,6067,6067,6067,6067,6067,6067,6067,6067,6067,6067,6067,6067,6067,6067
6068,6068,6068,6068,6068,6068,6068,6068,6068,6068,6068,6068,6068,6068,6068,6068
6071,6071,6071,6071,6071,6071,6071,6071,6071,6071,6071,6071,6071,6071,6071,6071
6072,6072,6072,6072,6072,6072,6072,6072,6072,6072,6072,6072,6072,6072,6072,6072
6076,6076,6076,6076,6076,6076,6076,6076,6076,6076,6076,6076,6076,6076,6076,6076
6078,6078,6078,6078,6078,6078,6078,6078,6078,6078,6078,6078,6078,6078,6078,6078
6080,6080,6080,6080,6080,6080,6080,6080,6080,6080,6080,6080,6080,6080,6080,6080
6082,6082,6082,6082,6082,6082,6082,6082,6082,6082,6082,6082,6082,6082,6082,6082
6088,6088,6088,6088,6088,6088,6088,6088,6088,6088,6088,6088,6088,6088,6088,6088
6091,6091,6091,6091,6091,6091,6091,6091,6091,6091,6091,6091,6091,6091,6091,6091
6092,6092,6092,6092,6092,6092,6092,6092,6092,6092,6092,6092,6092,6092,6092,6092
6093,6093,6093,6093,6093,6093,6093,6093,6093,6093,6093,6093,6093,6093,6093,6093
6159,6159,6159,6159,6159,6159,6159,6159,6159,6159,6159,6159,6159,6159,6159,6159
6162,6162,6162,6162,6162,6162,6162,6162,6162,6162,6162,6162,6162,6162,6162,6162
6163,6163,6163,6163,6163,6163,6163,6163,6163,6163,6163,6163,6163,6163,6163,6163
6165,6165,6165,6165,6165,6165,6165,6165,6165,6165,6165,6165,6165,6165,6165,6165
6174,6174,6174,6174,6174,6174,6174,6174,6174,6174,6174,6174,6174,6174,6174,6174
6192,6192,6192,6192,6192,6192,6192,6192,6192,6192,6192,6192,6192,6192,6192,6192
6199,6199,6199,6199,6199,6199,6199,6199,6199,6199,6199,6199,6199,6199,6199,6199
6202,6202,6202,6202,6202,6202,6202,6202,6202,6202,6202,6202,6202,6202,6202,6202
6228,6228,6228,6228,6228,6228,6228,6228,6228,6228,6228,6228,6228,6228,6228,6228
6232,6232,6232,6232,6232,6232,6232,6232,6232,6232,6232,6232,6232,6232,6232,6232
6245,6245,6245,6245,6245,6245,6245,6245,6245,6245,6245,6245,6245,6245,6245,6245
6302,6302,6302,6302,6302,6302,6302,6302,6302,6302,6302,6302,6302,6302,6302,6302
6304,6304,6304,6304,6304,6304,6304,6304,6304,6304,6304,6304,6304,6304,6304,6304
6315,6315,6315,6315,6315,6315,6315,6315,6315,6315,6315,6315,6315,6315,6315,6315
6325,6325,6325,6325,6325,6325,6325,6325,6325,6325,6325,6325,6325,6325,6325,6325
6329,6329,6329,6329,6329,6329,6329,6329,6329,6329,6329,6329,6329,6329,6329,6329
6332,6332,6332,6332,6332,6332,6332,6332,6332,6332,6332,6332,6332,6332,6332,6332
6334,6334,6334,6334,6334,6334,6334,6334,6334,6334,6334,6334,6334,6334,6334,6334
6338,6338,6338,6338,6338,6338,6338,6338,6338,6338,6338,6338,6338,6338,6338,6338
6341,6341,6341,6341,6341,6341,6341,6341,6341,6341,6341,6341,6341,6341,6341,6341
6343,6343,6343,6343,6343,6343,6343,6343,6343,6343,6343,6343,6343,6343,6343,6343
6344,6344,6344,6344,6344,6344,6344,6344,6344,6344,6344,6344,6344,6344,6344,6344
6346,6346,6346,6346,6346,6346,6346,6346,6346,6346,6346,6346,6346,6346,6346,6346
6353,6353,6353,6353,6353,6353,6353,6353,6353,6353,6353,6353,6353,6353,6353,6353
6355,6355,6355,6355,6355,6355,6355,6355,6355,6355,6355,6355,6355,6355,6355,6355
6359,6359,6359,6359,6359,6359,6359,6359,6359,6359,6359,6359,6359,6359,6359,6359
6361,6361,6361,6361,6361,6361,6361,6361,6361,6361,6361,6361,6361,6361,6361,6361
6362,6362,6362,6362,6362,6362,6362,6362,6362,6362,6362,6362,6362,6362,6362,6362
6363,6363,6363,6363,6363,6363,6363,6363,6363,6363,6363,6363,6363,6363,6363,6363
6364,6364,6364,6364,6364,6364,6364,6364,6364,6364,6364,6364,6364,6364,6364,6364
6365,6365,6365,6365,6365,6365,6365,6365,6365,6365,6365,6365,6365,6365,6365,6365
6368,6368,6368,6368,6368,6368,6368,6368,6368,6368,6368,6368,6368,6368,6368,6368
6369,6369,6369,6369,6369,6369,6369,6369,6369,6369,6369,6369,6369,6369,6369,6369
6370,6370,6370,6370,6370,6370,6370,6370,6370,6370,6370,6370,6370,6370,6370,6370
6371,6371,6371,6371,6371,6371,6371,6371,6371,6371,6371,6371,6371,6371,6371,6371
6373,6373,6373,6373,6373,6373,6373,6373,6373,6373,6373,6373,6373,6373,6373,6373
6384,6384,6384,6384,6384,6384,6384,6384,6384,6384,6384,6384,6384,6384,6384,6384
6385,6385,6385,6385,6385,6385,6385,6385,6385,6385,6385,6385,6385,6385,6385,6385
6386,6386,6386,6386,6386,6386,6386,6386,6386,6386,6386,6386,6386,6386,6386,6386
6388,6388,6388,6388,6388,6388,6388,6388,6388,6388,6388,6388,6388,6388,6388,6388
6390,6390,6390,6390,6390,6390,6390,6390,6390,6390,6390,6390,6390,6390,6390,6390
6394,6394,6394,6394,6394,6394,6394,6394,6394,6394,6394,6394,6394,6394,6394,6394
6396,6396,6396,6396,6396,6396,6396,6396,6396,6396,6396,6396,6396,6396,6396,6396
6397,6397,6397,6397,6397,6397,6397,6397,6397,6397,6397,6397,6397,6397,6397,6397
6399,6399,6399,6399,6399,6399,6399,6399,6399,6399,6399,6399,6399,6399,6399,6399
6402,6402,6402,6402,6402,6402,6402,6402,6402,6402,6402,6402,6402,6402,6402,6402
6405,6405,6405,6405,6405,6405,6405,6405,6405,6405,6405,6405,6405,6405,6405,6405
6409,6409,6409,6409,6409,6409,6409,6409,6409,6409,6409,6409,6409,6409,6409,6409
6412,6412,6412,6412,6412,6412,6412,6412,6412,6412,6412,6412,6412,6412,6412,6412
6413,6413,6413,6413,6413,6413,6413,6413,6413,6413,6413,6413,6413,6413,6413,6413
6414,6414,6414,6414,6414,6414,6414,6414,6414,6414,6414,6414,6414,6414,6414,6414
6419,6419,6419,6419,6419,6419,6419,6419,6419,6419,6419,6419,6419,6419,6419,6419
6423,6423,6423,6423,6423,6423,6423,6423,6423,6423,6423,6423,6423,6423,6423,6423
6427,6427,6427,6427,6427,6427,6427,6427,6427,6427,6427,6427,6427,6427,6427,6427
6428,6428,6428,6428,6428,6428,6428,6428,6428,6428,6428,6428,6428,6428,6428,6428
6434,6434,6434,6434,6434,6434,6434,6434,6434,6434,6434,6434,6434,6434,6434,6434
6437,6437,6437,6437,6437,6437,6437,6437,6437,6437,6437,6437,6437,6437,6437,6437
6438,6438,6438,6438,6438,6438,6438,6438,6438,6438,6438,6438,6438,6438,6438,6438
6445,6445,6445,6445,6445,6445,6445,6445,6445,6445,6445,6445,6445,6445,6445,6445
6450,6450,6450,6450,6450,6450,6450,6450,6450,6450,6450,6450,6450,6450,6450,6450
6454,6454,6454,6454,6454,6454,6454,6454,6454,6454,6454,6454,6454,6454,6454,6454
6465,6465,6465,6465,6465,6465,6465,6465,6465,6465,6465,6465,6465,6465,6465,6465
6466,6466,6466,6466,6466,6466,6466,6466,6466,6466,6466,6466,6466,6466,6466,6466
6475,6475,6475,6475,6475,6475,6475,6475,6475,6475,6475,6475,6475,6475,6475,6475
6485,6485,6485,6485,6485,6485,6485,6485,6485,6485,6485,6485,6485,6485,6485,6485
6493,6493,6493,6493,6493,6493,6493,6493,6493,6493,6493,6493,6493,6493,6493,6493
6503,6503,6503,6503,6503,6503,6503,6503,6503,6503,6503,6503,6503,6503,6503,6503
6504,6504,6504,6504,6504,6504,6504,6504,6504,6504,6504,6504,6504,6504,6504,6504
6518,6518,6518,6518,6518,6518,6518,6518,6518,6518,6518,6518,6518,6518,6518,6518
6523,6523,6523,6523,6523,6523,6523,6523,6523,6523,6523,6523,6523,6523,6523,6523
6524,6524,6524,6524,6524,6524,6524,6524,6524,6524,6524,6524,6524,6524,6524,6524
6535,6535,6535,6535,6535,6535,6535,6535,6535,6535,6535,6535,6535,6535,6535,6535
6542,6542,6542,6542,6542,6542,6542,6542,6542,6542,6542,6542,6542,6542,6542,6542
6549,6549,6549,6549,6549,6549,6549,6549,6549,6549,6549,6549,6549,6549,6549,6549
6561,6561,6561,6561,6561,6561,6561,6561,6561,6561,6561,6561,6561,6561,6561,6561
6582,6582,6582,6582,6582,6582,6582,6582,6582,6582,6582,6582,6582,6582,6582,6582
6586,6586,6586,6586,6586,6586,6586,6586,6586,6586,6586,6586,6586,6586,6586,6586
6587,6587,6587,6587,6587,6587,6587,6587,6587,6587,6587,6587,6587,6587,6587,6587
6589,6589,6589,6589,6589,6589,6589,6589,6589,6589,6589,6589,6589,6589,6589,6589
6590,6590,6590,6590,6590,6590,6590,6590,6590,6590,6590,6590,6590,6590,6590,6590
6595,6595,6595,6595,6595,6595,6595,6595,6595,6595,6595,6595,6595,6595,6595,6595
6596,6596,6596,6596,6596,6596,6596,6596,6596,6596,6596,6596,6596,6596,6596,6596
6597,6597,6597,6597,6597,6597,6597,6597,6597,6597,6597,6597,6597,6597,6597,6597
6600,6600,6600,6600,6600,6600,6600,6600,6600,6600,6600,6600,6600,6600,6600,6600
6602,6602,6602,6602,6602,6602,6602,6602,6602,6602,6602,6602,6602,6602,6602,6602
6603,6603,6603,6603,6603,6603,6603,6603,6603,6603,6603,6603,6603,6603,6603,6603
6605,6605,6605,6605,6605,6605,6605,6605,6605,6605,6605,6605,6605,6605,6605,6605
6607,6607,6607,6607,6607,6607,6607,6607,6607,6607,6607,6607,6607,6607,6607,6607
6609,6609,6609,6609,6609,6609,6609,6609,6609,6609,6609,6609,6609,6609,6609,6609
6611,6611,6611,6611,6611,6611,6611,6611,6611,6611,6611,6611,6611,6611,6611,6611
6615,6615,6615,6615,6615,6615,6615,6615,6615,6615,6615,6615,6615,6615,6615,6615
6620,6620,6620,6620,6620,6620,6620,6620,6620,6620,6620,6620,6620,6620,6620,6620
6622,6622,6622,6622,6622,6622,6622,6622,6622,6622,6622,6622,6622,6622,6622,6622
6626,6626,6626,6626,6626,6626,6626,6626,6626,6626,6626,6626,6626,6626,6626,6626
6628,6628,6628,6628,6628,6628,6628,6628,6628,6628,6628,6628,6628,6628,6628,6628
6630,6630,6630,6630,6630,6630,6630,6630,6630,6630,6630,6630,6630,6630,6630,6630
6631,6631,6631,6631,6631,6631,6631,6631,6631,6631,6631,6631,6631,6631,6631,6631
6632,6632,6632,6632,6632,6632,6632,6632,6632,6632,6632,6632,6632,6632,6632,6632
6634,6634,6634,6634,6634,6634,6634,6634,6634,6634,6634,6634,6634,6634,6634,6634
6636,6636,6636,6636,6636,6636,6636,6636,6636,6636,6636,6636,6636,6636,6636,6636
6637,6637,6637,6637,6637,6637,6637,6637,6637,6637,6637,6637,6637,6637,6637,6637
6642,6642,6642,6642,6642,6642,6642,6642,6642,6642,6642,6642,6642,6642,6642,6642
6643,6643,6643,6643,6643,6643,6643,6643,6643,6643,6643,6643,6643,6643,6643,6643
6644,6644,6644,6644,6644,6644,6644,6644,6644,6644,6644,6644,6644,6644,6644,6644
6646,6646,6646,6646,6646,6646,6646,6646,6646,6646,6646,6646,6646,6646,6646,6646
6647,6647,6647,6647,6647,6647,6647,6647,6647,6647,6647,6647,6647,6647,6647,6647
6651,6651,6651,6651,6651,6651,6651,6651,6651,6651,6651,6651,6651,6651,6651,6651
6652,6652,6652,6652,6652,6652,6652,6652,6652,6652,6652,6652,6652,6652,6652,6652
6656,6656,6656,6656,6656,6656,6656,6656,6656,6656,6656,6656,6656,6656,6656,6656
6660,6660,6660,6660,6660,6660,6660,6660,6660,6660,6660,6660,6660,6660,6660,6660
6662,6662,6662,6662,6662,6662,6662,6662,6662,6662,6662,6662,6662,6662,6662,6662
6663,6663,6663,6663,6663,6663,6663,6663,6663,6663,6663,6663,6663,6663,6663,6663
6667,6667,6667,6667,6667,6667,6667,6667,6667,6667,6667,6667,6667,6667,6667,6667
6675,6675,6675,6675,6675,6675,6675,6675,6675,6675,6675,6675,6675,6675,6675,6675
6683,6683,6683,6683,6683,6683,6683,6683,6683,6683,6683,6683,6683,6683,6683,6683
6684,6684,6684,6684,6684,6684,6684,6684,6684,6684,6684,6684,6684,6684,6684,6684
6689,6689,6689,6689,6689,6689,6689,6689,6689,6689,6689,6689,6689,6689,6689,6689
6692,6692,6692,6692,6692,6692,6692,6692,6692,6692,6692,6692,6692,6692,6692,6692
6696,6696,6696,6696,6696,6696,6696,6696,6696,6696,6696,6696,6696,6696,6696,6696
6698,6698,6698,6698,6698,6698,6698,6698,6698,6698,6698,6698,6698,6698,6698,6698
6705,6705,6705,6705,6705,6705,6705,6705,6705,6705,6705,6705,6705,6705,6705,6705
6706,6706,6706,6706,6706,6706,6706,6706,6706,6706,6706,6706,6706,6706,6706,6706
6708,6708,6708,6708,6708,6708,6708,6708,6708,6708,6708,6708,6708,6708,6708,6708
6709,6709,6709,6709,6709,6709,6709,6709,6709,6709,6709,6709,6709,6709,6709,6709
6711,6711,6711,6711,6711,6711,6711,6711,6711,6711,6711,6711,6711,6711,6711,6711
6714,6714,6714,6714,6714,6714,6714,6714,6714,6714,6714,6714,6714,6714,6714,6714
6715,6715,6715,6715,6715,6715,6715,6715,6715,6715,6715,6715,6715,6715,6715,6715
6716,6716,6716,6716,6716,6716,6716,6716,6716,6716,6716,6716,6716,6716,6716,6716
6719,6719,6719,6719,6719,6719,6719,6719,6719,6719,6719,6719,6719,6719,6719,6719
6724,6724,6724,6724,6724,6724,6724,6724,6724,6724,6724,6724,6724,6724,6724,6724
6729,6729,6729,6729,6729,6729,6729,6729,6729,6729,6729,6729,6729,6729,6729,6729
6730,6730,6730,6730,6730,6730,6730,6730,6730,6730,6730,6730,6730,6730,6730,6730
6735,6735,6735,6735,6735,6735,6735,6735,6735,6735,6735,6735,6735,6735,6735,6735
6738,6738,6738,6738,6738,6738,6738,6738,6738,6738,6738,6738,6738,6738,6738,6738
6743,6743,6743,6743,6743,6743,6743,6743,6743,6743,6743,6743,6743,6743,6743,6743
6751,6751,6751,6751,6751,6751,6751,6751,6751,6751,6751,6751,6751,6751,6751,6751
6766,6766,6766,6766,6766,6766,6766,6766,6766,6766,6766,6766,6766,6766,6766,6766
6772,6772,6772,6772,6772,6772,6772,6772,6772,6772,6772,6772,6772,6772,6772,6772
6774,6774,6774,6774,6774,6774,6774,6774,6774,6774,6774,6774,6774,6774,6774,6774
6785,6785,6785,6785,6785,6785,6785,6785,6785,6785,6785,6785,6785,6785,6785,6785
6807,6807,6807,6807,6807,6807,6807,6807,6807,6807,6807,6807,6807,6807,6807,6807
6813,6813,6813,6813,6813,6813,6813,6813,6813,6813,6813,6813,6813,6813,6813,6813
6818,6818,6818,6818,6818,6818,6818,6818,6818,6818,6818,6818,6818,6818,6818,6818
6835,6835,6835,6835,6835,6835,6835,6835,6835,6835,6835,6835,6835,6835,6835,6835
6850,6850,6850,6850,6850,6850,6850,6850,6850,6850,6850,6850,6850,6850,6850,6850
6852,6852,6852,6852,6852,6852,6852,6852,6852,6852,6852,6852,6852,6852,6852,6852
6872,6872,6872,6872,6872,6872,6872,6872,6872,6872,6872,6872,6872,6872,6872,6872
6876,6876,6876,6876,6876,6876,6876,6876,6876,6876,6876,6876,6876,6876,6876,6876
6878,6878,6878,6878,6878,6878,6878,6878,6878,6878,6878,6878,6878,6878,6878,6878
6881,6881,6881,6881,6881,6881,6881,6881,6881,6881,6881,6881,6881,6881,6881,6881
6885,6885,6885,6885,6885,6885,6885,6885,6885,6885,6885,6885,6885,6885,6885,6885
6924,6924,6924,6924,6924,6924,6924,6924,6924,6924,6924,6924,6924,6924,6924,6924
6926,6926,6926,6926,6926,6926,6926,6926,6926,6926,6926,6926,6926,6926,6926,6926
6938,6938,6938,6938,6938,6938,6938,6938,6938,6938,6938,6938,6938,6938,6938,6938
6947,6947,6947,6947,6947,6947,6947,6947,6947,6947,6947,6947,6947,6947,6947,6947
6966,6966,6966,6966,6966,6966,6966,6966,6966,6966,6966,6966,6966,6966,6966,6966
6980,6980,6980,6980,6980,6980,6980,6980,6980,6980,6980,6980,6980,6980,6980,6980
6981,6981,6981,6981,6981,6981,6981,6981,6981,6981,6981,6981,6981,6981,6981,6981
6984,6984,6984,6984,6984,6984,6984,6984,6984,6984,6984,6984,6984,6984,6984,6984
6997,6997,6997,6997,6997,6997,6997,6997,6997,6997,6997,6997,6997,6997,6997,6997
6999,6999,6999,6999,6999,6999,6999,6999,6999,6999,6999,6999,6999,6999,6999,6999
7025,7025,7025,7025,7025,7025,7025,7025,7025,7025,7025,7025,7025,7025,7025,7025
7026,7026,7026,7026,7026,7026,7026,7026,7026,7026,7026,7026,7026,7026,7026,7026
7028,7028,7028,7028,7028,7028,7028,7028,7028,7028,7028,7028,7028,7028,7028,7028
7029,7029,7029,7029,7029,7029,7029,7029,7029,7029,7029,7029,7029,7029,7029,7029
7033,7033,7033,7033,7033,7033,7033,7033,7033,7033,7033,7033,7033,7033,7033,7033
7035,7035,7035,7035,7035,7035,7035,7035,7035,7035,7035,7035,7035,7035,7035,7035
7037,7037,7037,7037,7037,7037,7037,7037,7037,7037,7037,7037,7037,7037,7037,7037
7043,7043,7043,7043,7043,7043,7043,7043,7043,7043,7043,7043,7043,7043,7043,7043
7044,7044,7044,7044,7044,7044,7044,7044,7044,7044,7044,7044,7044,7044,7044,7044
7045,7045,7045,7045,7045,7045,7045,7045,7045,7045,7045,7045,7045,7045,7045,7045
7046,7046,7046,7046,7046,7046,7046,7046,7046,7046,7046,7046,7046,7046,7046,7046
7052,7052,7052,7052,7052,7052,7052,7052,7052,7052,7052,7052,7052,7052,7052,7052
7053,7053,7053,7053,7053,7053,7053,7053,7053,7053,7053,7053,7053,7053,7053,7053
7054,7054,7054,7054,7054,7054,7054,7054,7054,7054,7054,7054,7054,7054,7054,7054
7055,7055,7055,7055,7055,7055,7055,7055,7055,7055,7055,7055,7055,7055,7055,7055
7058,7058,7058,7058,7058,7058,7058,7058,7058,7058,7058,7058,7058,7058,7058,7058
7064,7064,7064,7064,7064,7064,7064,7064,7064,7064,7064,7064,7064,7064,7064,7064
7066,7066,7066,7066,7066,7066,7066,7066,7066,7066,7066,7066,7066,7066,7066,7066
7067,7067,7067,7067,7067,7067,7067,7067,7067,7067,7067,7067,7067,7067,7067,7067
7068,7068,7068,7068,7068,7068,7068,7068,7068,7068,7068,7068,7068,7068,7068,7068
7076,7076,7076,7076,7076,7076,7076,7076,7076,7076,7076,7076,7076,7076,7076,7076
7081,7081,7081,7081,7081,7081,7081,7081,7081,7081,7081,7081,7081,7081,7081,7081
7084,7084,7084,7084,7084,7084,7084,7084,7084,7084,7084,7084,7084,7084,7084,7084
7086,7086,7086,7086,7086,7086,7086,7086,7086,7086,7086,7086,7086,7086,7086,7086
7091,7091,7091,7091,7091,7091,7091,7091,7091,7091,7091,7091,7091,7091,7091,7091
7093,7093,7093,7093,7093,7093,7093,7093,7093,7093,7093,7093,7093,7093,7093,7093
7096,7096,7096,7096,7096,7096,7096,7096,7096,7096,7096,7096,7096,7096,7096,7096
7097,7097,7097,7097,7097,7097,7097,7097,7097,7097,7097,7097,7097,7097,7097,7097
7098,7098,7098,7098,7098,7098,7098,7098,7098,7098,7098,7098,7098,7098,7098,7098
7104,7104,7104,7104,7104,7104,7104,7104,7104,7104,7104,7104,7104,7104,7104,7104
7105,7105,7105,7105,7105,7105,7105,7105,7105,7105,7105,7105,7105,7105,7105,7105
7112,7112,7112,7112,7112,7112,7112,7112,7112,7112,7112,7112,7112,7112,7112,7112
7117,7117,7117,7117,7117,7117,7117,7117,7117,7117,7117,7117,7117,7117,7117,7117
7118,7118,7118,7118,7118,7118,7118,7118,7118,7118,7118,7118,7118,7118,7118,7118
7128,7128,7128,7128,7128,7128,7128,7128,7128,7128,7128,7128,7128,7128,7128,7128
7132,7132,7132,7132,7132,7132,7132,7132,7132,7132,7132,7132,7132,7132,7132,7132
7148,7148,7148,7148,7148,7148,7148,7148,7148,7148,7148,7148,7148,7148,7148,7148
7163,7163,7163,7163,7163,7163,7163,7163,7163,7163,7163,7163,7163,7163,7163,7163
7164,7164,7164,7164,7164,7164,7164,7164,7164,7164,7164,7164,7164,7164,7164,7164
7170,7170,7170,7170,7170,7170,7170,7170,7170,7170,7170,7170,7170,7170,7170,7170
7173,7173,7173,7173,7173,7173,7173,7173,7173,7173,7173,7173,7173,7173,7173,7173
7174,7174,7174,7174,7174,7174,7174,7174,7174,7174,7174,7174,7174,7174,7174,7174
7193,7193,7193,7193,7193,7193,7193,7193,7193,7193,7193,7193,7193,7193,7193,7193
7200,7200,7200,7200,7200,7200,7200,7200,7200,7200,7200,7200,7200,7200,7200,7200
7212,7212,7212,7212,7212,7212,7212,7212,7212,7212,7212,7212,7212,7212,7212,7212
7219,7219,7219,7219,7219,7219,7219,7219,7219,7219,7219,7219,7219,7219,7219,7219
7222,7222,7222,7222,7222,7222,7222,7222,7222,7222,7222,7222,7222,7222,7222,7222
7230,7230,7230,7230,7230,7230,7230,7230,7230,7230,7230,7230,7230,7230,7230,7230
7244,7244,7244,7244,7244,7244,7244,7244,7244,7244,7244,7244,7244,7244,7244,7244
7252,7252,7252,7252,7252,7252,7252,7252,7252,7252,7252,7252,7252,7252,7252,7252
7274,7274,7274,7274,7274,7274,7274,7274,7274,7274,7274,7274,7274,7274,7274,7274
7289,7289,7289,7289,7289,7289,7289,7289,7289,7289,7289,7289,7289,7289,7289,7289
7290,7290,7290,7290,7290,7290,7290,7290,7290,7290,7290,7290,7290,7290,7290,7290
7292,7292,7292,7292,7292,7292,7292,7292,7292,7292,7292,7292,7292,7292,7292,7292
7294,7294,7294,7294,7294,7294,7294,7294,7294,7294,7294,7294,7294,7294,7294,7294
7295,7295,7295,7295,7295,7295,7295,7295,7295,7295,7295,7295,7295,7295,7295,7295
7297,7297,7297,7297,7297,7297,7297,7297,7297,7297,7297,7297,7297,7297,7297,7297
7308,7308,7308,7308,7308,7308,7308,7308,7308,7308,7308,7308,7308,7308,7308,7308
7311,7311,7311,7311,7311,7311,7311,7311,7311,7311,7311,7311,7311,7311,7311,7311
7314,7314,7314,7314,7314,7314,7314,7314,7314,7314,7314,7314,7314,7314,7314,7314
7316,7316,7316,7316,7316,7316,7316,7316,7316,7316,7316,7316,7316,7316,7316,7316
7326,7326,7326,7326,7326,7326,7326,7326,7326,7326,7326,7326,7326,7326,7326,7326
7329,7329,7329,7329,7329,7329,7329,7329,7329,7329,7329,7329,7329,7329,7329,7329
7352,7352,7352,7352,7352,7352,7352,7352,7352,7352,7352,7352,7352,7352,7352,7352
7373,7373,7373,7373,7373,7373,7373,7373,7373,7373,7373,7373,7373,7373,7373,7373
7375,7375,7375,7375,7375,7375,7375,7375,7375,7375,7375,7375,7375,7375,7375,7375
7377,7377,7377,7377,7377,7377,7377,7377,7377,7377,7377,7377,7377,7377,7377,7377
7385,7385,7385,7385,7385,7385,7385,7385,7385,7385,7385,7385,7385,7385,7385,7385
7393,7393,7393,7393,7393,7393,7393,7393,7393,7393,7393,7393,7393,7393,7393,7393
7394,7394,7394,7394,7394,7394,7394,7394,7394,7394,7394,7394,7394,7394,7394,7394
7398,7398,7398,7398,7398,7398,7398,7398,7398,7398,7398,7398,7398,7398,7398,7398
7420,7420,7420,7420,7420,7420,7420,7420,7420,7420,7420,7420,7420,7420,7420,7420
7425,7425,7425,7425,7425,7425,7425,7425,7425,7425,7425,7425,7425,7425,7425,7425
7428,7428,7428,7428,7428,7428,7428,7428,7428,7428,7428,7428,7428,7428,7428,7428
7447,7447,7447,7447,7447,7447,7447,7447,7447,7447,7447,7447,7447,7447,7447,7447
7453,7453,7453,7453,7453,7453,7453,7453,7453,7453,7453,7453,7453,7453,7453,7453
7457,7457,7457,7457,7457,7457,7457,7457,7457,7457,7457,7457,7457,7457,7457,7457
7471,7471,7471,7471,7471,7471,7471,7471,7471,7471,7471,7471,7471,7471,7471,7471
7482,7482,7482,7482,7482,7482,7482,7482,7482,7482,7482,7482,7482,7482,7482,7482
7487,7487,7487,7487,7487,7487,7487,7487,7487,7487,7487,7487,7487,7487,7487,7487
7489,7489,7489,7489,7489,7489,7489,7489,7489,7489,7489,7489,7489,7489,7489,7489
7490,7490,7490,7490,7490,7490,7490,7490,7490,7490,7490,7490,7490,7490,7490,7490
7491,7491,7491,7491,7491,7491,7491,7491,7491,7491,7491,7491,7491,7491,7491,7491
7492,7492,7492,7492,7492,7492,7492,7492,7492,7492,7492,7492,7492,7492,7492,7492
7494,7494,7494,7494,7494,7494,7494,7494,7494,7494,7494,7494,7494,7494,7494,7494
7495,7495,7495,7495,7495,7495,7495,7495,7495,7495,7495,7495,7495,7495,7495,7495
7496,7496,7496,7496,7496,7496,7496,7496,7496,7496,7496,7496,7496,7496,7496,7496
7497,7497,7497,7497,7497,7497,7497,7497,7497,7497,7497,7497,7497,7497,7497,7497
7499,7499,7499,7499,7499,7499,7499,7499,7499,7499,7499,7499,7499,7499,7499,7499
7502,7502,7502,7502,7502,7502,7502,7502,7502,7502,7502,7502,7502,7502,7502,7502
7503,7503,7503,7503,7503,7503,7503,7503,7503,7503,7503,7503,7503,7503,7503,7503
7517,7517,7517,7517,7517,7517,7517,7517,7517,7517,7517,7517,7517,7517,7517,7517
7519,7519,7519,7519,7519,7519,7519,7519,7519,7519,7519,7519,7519,7519,7519,7519
7523,7523,7523,7523,7523,7523,7523,7523,7523,7523,7523,7523,7523,7523,7523,7523
7529,7529,7529,7529,7529,7529,7529,7529,7529,7529,7529,7529,7529,7529,7529,7529
7532,7532,7532,7532,7532,7532,7532,7532,7532,7532,7532,7532,7532,7532,7532,7532
7534,7534,7534,7534,7534,7534,7534,7534,7534,7534,7534,7534,7534,7534,7534,7534
7535,7535,7535,7535,7535,7535,7535,7535,7535,7535,7535,7535,7535,7535,7535,7535
7537,7537,7537,7537,7537,7537,7537,7537,7537,7537,7537,7537,7537,7537,7537,7537
7538,7538,7538,7538,7538,7538,7538,7538,7538,7538,7538,7538,7538,7538,7538,7538
7540,7540,7540,7540,7540,7540,7540,7540,7540,7540,7540,7540,7540,7540,7540,7540
7541,7541,7541,7541,7541,7541,7541,7541,7541,7541,7541,7541,7541,7541,7541,7541
7543,7543,7543,7543,7543,7543,7543,7543,7543,7543,7543,7543,7543,7543,7543,7543
7546,7546,7546,7546,7546,7546,7546,7546,7546,7546,7546,7546,7546,7546,7546,7546
7548,7548,7548,7548,7548,7548,7548,7548,7548,7548,7548,7548,7548,7548,7548,7548
7549,7549,7549,7549,7549,7549,7549,7549,7549,7549,7549,7549,7549,7549,7549,7549
7550,7550,7550,7550,7550,7550,7550,7550,7550,7550,7550,7550,7550,7550,7550,7550
7551,7551,7551,7551,7551,7551,7551,7551,7551,7551,7551,7551,7551,7551,7551,7551
7552,7552,7552,7552,7552,7552,7552,7552,7552,7552,7552,7552,7552,7552,7552,7552
7559,7559,7559,7559,7559,7559,7559,7559,7559,7559,7559,7559,7559,7559,7559,7559
7560,7560,7560,7560,7560,7560,7560,7560,7560,7560,7560,7560,7560,7560,7560,7560
7563,7563,7563,7563,7563,7563,7563,7563,7563,7563,7563,7563,7563,7563,7563,7563
7566,7566,7566,7566,7566,7566,7566,7566,7566,7566,7566,7566,7566,7566,7566,7566
7568,7568,7568,7568,7568,7568,7568,7568,7568,7568,7568,7568,7568,7568,7568,7568
7569,7569,7569,7569,7569,7569,7569,7569,7569,7569,7569,7569,7569,7569,7569,7569
7572,7572,7572,7572,7572,7572,7572,7572,7572,7572,7572,7572,7572,7572,7572,7572
7573,7573,7573,7573,7573,7573,7573,7573,7573,7573,7573,7573,7573,7573,7573,7573
7574,7574,7574,7574,7574,7574,7574,7574,7574,7574,7574,7574,7574,7574,7574,7574
7575,7575,7575,7575,7575,7575,7575,7575,7575,7575,7575,7575,7575,7575,7575,7575
7578,7578,7578,7578,7578,7578,7578,7578,7578,7578,7578,7578,7578,7578,7578,7578
7586,7586,7586,7586,7586,7586,7586,7586,7586,7586,7586,7586,7586,7586,7586,7586
7589,7589,7589,7589,7589,7589,7589,7589,7589,7589,7589,7589,7589,7589,7589,7589
7591,7591,7591,7591,7591,7591,7591,7591,7591,7591,7591,7591,7591,7591,7591,7591
7592,7592,7592,7592,7592,7592,7592,7592,7592,7592,7592,7592,7592,7592,7592,7592
7593,7593,7593,7593,7593,7593,7593,7593,7593,7593,7593,7593,7593,7593,7593,7593
7599,7599,7599,7599,7599,7599,7599,7599,7599,7599,7599,7599,7599,7599,7599,7599
7602,7602,7602,7602,7602,7602,7602,7602,7602,7602,7602,7602,7602,7602,7602,7602
7604,7604,7604,7604,7604,7604,7604,7604,7604,7604,7604,7604,7604,7604,7604,7604
7605,7605,7605,7605,7605,7605,7605,7605,7605,7605,7605,7605,7605,7605,7605,7605
7608,7608,7608,7608,7608,7608,7608,7608,7608,7608,7608,7608,7608,7608,7608,7608
7612,7612,7612,7612,7612,7612,7612,7612,7612,7612,7612,7612,7612,7612,7612,7612
7613,7613,7613,7613,7613,7613,7613,7613,7613,7613,7613,7613,7613,7613,7613,7613
7614,7614,7614,7614,7614,7614,7614,7614,7614,7614,7614,7614,7614,7614,7614,7614
7618,7618,7618,7618,7618,7618,7618,7618,7618,7618,7618,7618,7618,7618,7618,7618
7619,7619,7619,7619,7619,7619,7619,7619,7619,7619,7619,7619,7619,7619,7619,7619
7620,7620,7620,7620,7620,7620,7620,7620,7620,7620,7620,7620,7620,7620,7620,7620
7622,7622,7622,7622,7622,7622,7622,7622,7622,7622,7622,7622,7622,7622,7622,7622
7626,7626,7626,7626,7626,7626,7626,7626,7626,7626,7626,7626,7626,7626,7626,7626
7627,7627,7627,7627,7627,7627,7627,7627,7627,7627,7627,7627,7627,7627,7627,7627
7628,7628,7628,7628,7628,7628,7628,7628,7628,7628,7628,7628,7628,7628,7628,7628
7629,7629,7629,7629,7629,7629,7629,7629,7629,7629,7629,7629,7629,7629,7629,7629
7631,7631,7631,7631,7631,7631,7631,7631,7631,7631,7631,7631,7631,7631,7631,7631
7633,7633,7633,7633,7633,7633,7633,7633,7633,7633,7633,7633,7633,7633,7633,7633
7639,7639,7639,7639,7639,7639,7639,7639,7639,7639,7639,7639,7639,7639,7639,7639
7641,7641,7641,7641,7641,7641,7641,7641,7641,7641,7641,7641,7641,7641,7641,7641
7642,7642,7642,7642,7642,7642,7642,7642,7642,7642,7642,7642,7642,7642,7642,7642
7644,7644,7644,7644,7644,7644,7644,7644,7644,7644,7644,7644,7644,7644,7644,7644
7647,7647,7647,7647,7647,7647,7647,7647,7647,7647,7647,7647,7647,7647,7647,7647
7651,7651,7651,7651,7651,7651,7651,7651,7651,7651,7651,7651,7651,7651,7651,7651
7654,7654,7654,7654,7654,7654,7654,7654,7654,7654,7654,7654,7654,7654,7654,7654
7658,7658,7658,7658,7658,7658,7658,7658,7658,7658,7658,7658,7658,7658,7658,7658
7659,7659,7659,7659,7659,7659,7659,7659,7659,7659,7659,7659,7659,7659,7659,7659
7661,7661,7661,7661,7661,7661,7661,7661,7661,7661,7661,7661,7661,7661,7661,7661
7667,7667,7667,7667,7667,7667,7667,7667,7667,7667,7667,7667,7667,7667,7667,7667
7671,7671,7671,7671,7671,7671,7671,7671,7671,7671,7671,7671,7671,7671,7671,7671
7674,7674,7674,7674,7674,7674,7674,7674,7674,7674,7674,7674,7674,7674,7674,7674
7677,7677,7677,7677,7677,7677,7677,7677,7677,7677,7677,7677,7677,7677,7677,7677
7678,7678,7678,7678,7678,7678,7678,7678,7678,7678,7678,7678,7678,7678,7678,7678
7679,7679,7679,7679,7679,7679,7679,7679,7679,7679,7679,7679,7679,7679,7679,7679
7683,7683,7683,7683,7683,7683,7683,7683,7683,7683,7683,7683,7683,7683,7683,7683
7684,7684,7684,7684,7684,7684,7684,7684,7684,7684,7684,7684,7684,7684,7684,7684
7685,7685,7685,7685,7685,7685,7685,7685,7685,7685,7685,7685,7685,7685,7685,7685
7689,7689,7689,7689,7689,7689,7689,7689,7689,7689,7689,7689,7689,7689,7689,7689
7690,7690,7690,7690,7690,7690,7690,7690,7690,7690,7690,7690,7690,7690,7690,7690
7692,7692,7692,7692,7692,7692,7692,7692,7692,7692,7692,7692,7692,7692,7692,7692
7697,7697,7697,7697,7697,7697,7697,7697,7697,7697,7697,7697,7697,7697,7697,7697
7700,7700,7700,7700,7700,7700,7700,7700,7700,7700,7700,7700,7700,7700,7700,7700
7703,7703,7703,7703,7703,7703,7703,7703,7703,7703,7703,7703,7703,7703,7703,7703
7705,7705,7705,7705,7705,7705,7705,7705,7705,7705,7705,7705,7705,7705,7705,7705
